student_id,age,attendance_percentage,study_hours_per_day,assignment_completion_rate,internal_marks,previous_cgpa,extracurricular_activities,part_time_job,performance_category,gender_Male,gender_Other,performance_encoded,academic_score_index,engagement_score,study_efficiency
S0001,21,76.2,2.3,61.5,59.4,6.62,1,0,Good,True,False,2,55.97,68.85,2.758
S0002,22,73.5,5.0,68.9,44.8,4.55,0,0,Average,True,False,1,56.17,71.2,0.892
S0003,20,88.8,4.8,100.0,52.6,5.22,0,0,Excellent,True,False,3,68.61,94.4,1.065
S0004,22,70.6,6.8,74.4,62.6,6.36,0,0,Excellent,True,False,3,65.77,72.5,0.922
S0005,22,79.0,5.3,68.3,51.7,5.66,0,0,Good,True,False,2,60.34,73.65,1.048
S0006,19,79.8,1.0,94.1,40.6,4.66,0,0,Average,True,False,1,54.65,86.95,4.236
S0007,20,65.0,6.1,92.3,54.4,5.1,0,0,Good,True,False,2,63.92,78.65,0.823
S0008,20,89.9,2.0,64.9,42.0,4.27,1,1,Average,False,False,1,53.49,77.4,2.033
S0009,20,72.4,3.2,84.6,43.5,5.3,1,0,Average,True,False,1,55.58,78.5,1.606
S0010,22,63.7,4.5,68.6,58.2,5.93,0,1,Good,False,False,2,57.52,66.15,1.289
S0011,21,,8.0,100.0,58.4,,1,1,Excellent,True,False,3,,,
S0012,20,61.5,10.2,100.0,56.3,6.24,1,0,Excellent,False,True,3,72.08,80.75,0.606
S0013,23,75.4,5.2,93.4,53.2,5.09,0,1,Good,True,False,2,64.82,84.4,0.96
S0014,22,74.9,3.6,87.6,59.1,4.86,1,0,Good,True,False,2,62.93,81.25,1.314
S0015,19,91.3,5.1,100.0,61.1,5.06,1,0,Excellent,False,False,3,72.71,95.65,0.973
S0016,21,82.1,5.8,86.6,58.3,,0,0,Good,False,False,2,67.92,84.35,
S0017,23,74.6,3.4,64.1,52.9,4.96,1,0,Average,False,False,1,55.65,69.35,1.417
S0018,23,87.3,7.6,96.9,55.0,6.29,0,0,Excellent,True,False,3,73.12,92.1,0.817
S0019,19,95.9,4.5,100.0,66.2,5.33,1,0,Excellent,True,False,3,74.64,97.95,1.159
S0020,21,83.4,5.0,69.8,63.1,5.94,0,0,Excellent,False,False,3,65.23,76.6,1.165
S0021,22,75.2,5.3,80.2,55.2,4.79,1,0,Good,False,False,2,62.99,77.7,0.887
S0022,18,55.3,4.8,90.8,59.0,5.33,1,0,Good,False,False,2,60.63,73.05,1.088
S0023,21,59.0,5.7,85.6,45.8,4.0,1,0,Average,False,False,1,57.4,72.3,0.69
S0024,19,70.4,2.8,65.9,58.5,5.33,0,0,Good,True,False,2,55.92,68.15,1.838
S0025,23,65.9,,97.6,49.7,,1,0,Average,False,False,1,,81.75,
S0026,22,72.2,,100.0,44.4,5.1,1,0,Average,True,False,1,,86.1,
S0027,21,75.8,4.9,87.7,57.3,5.62,1,0,Good,True,False,2,64.71,81.75,1.124
S0028,18,82.9,5.6,72.6,60.8,4.69,1,1,Good,True,False,2,65.86,77.75,0.823
S0029,18,73.9,4.9,61.6,66.6,6.86,1,0,Excellent,True,False,3,62.27,67.75,1.372
S0030,20,82.3,7.3,93.5,58.0,5.65,1,0,Excellent,True,False,3,71.74,87.9,0.764
S0031,20,76.0,4.0,99.6,48.7,5.08,1,0,Good,True,False,2,62.63,87.8,1.239
S0032,19,45.4,5.3,92.7,57.8,5.46,1,1,Good,False,False,2,58.95,69.05,1.011
S0033,21,60.9,1.8,78.6,38.9,4.0,1,0,At Risk,True,False,0,47.56,69.75,2.105
S0034,21,72.8,3.2,72.6,58.6,5.69,1,0,Good,False,False,2,58.56,72.7,1.724
S0035,23,56.9,5.4,69.4,66.9,6.39,0,0,Good,True,False,2,60.52,63.15,1.162
S0036,23,84.0,5.7,98.9,59.1,4.15,1,0,Good,True,False,2,70.96,91.45,0.716
S0037,23,98.0,3.4,95.5,65.1,5.47,1,0,Excellent,False,False,3,72.05,96.75,1.563
S0038,20,93.3,3.9,59.6,50.5,4.83,0,0,Good,True,False,2,59.42,76.45,1.208
S0039,21,71.8,1.0,100.0,50.6,5.24,1,1,Good,True,False,2,57.33,85.9,4.764
S0040,21,97.4,3.3,90.2,60.7,6.6,1,0,Excellent,True,False,3,69.14,93.8,1.941
S0041,18,77.2,5.8,,64.3,5.24,0,0,Excellent,True,False,3,,,0.888
S0042,20,69.9,5.2,65.3,51.4,4.69,1,1,Average,False,True,1,57.19,67.6,0.885
S0043,22,65.8,5.0,64.5,41.5,4.08,0,0,At Risk,True,False,0,52.21,65.15,0.8
S0044,20,70.5,4.1,81.0,57.5,4.81,0,1,Good,False,False,2,60.78,75.75,1.145
S0045,22,69.2,4.0,90.5,36.3,4.0,1,0,Average,True,False,1,54.77,79.85,0.976
S0046,18,77.6,2.7,100.0,48.8,5.54,0,1,Good,False,False,2,60.98,88.8,1.979
S0047,19,77.4,5.4,96.4,66.9,5.17,0,0,Excellent,False,False,3,71.04,86.9,0.94
S0048,21,75.0,4.8,81.0,58.4,5.85,1,1,Good,False,False,2,63.39,78.0,1.194
S0049,18,81.6,5.0,69.6,75.1,5.14,0,1,Excellent,True,False,3,68.94,75.6,1.008
S0050,21,92.9,2.9,99.3,64.8,5.44,1,0,Excellent,True,False,3,70.6,96.1,1.813
S0051,23,89.2,0.0,60.5,41.5,4.23,1,0,Average,True,False,1,48.92,74.85,42.3
S0052,19,52.7,6.2,100.0,54.6,6.62,0,0,Good,False,False,2,62.62,76.35,1.051
S0053,19,36.7,3.0,76.7,39.6,4.16,0,1,At Risk,False,False,0,43.38,56.7,1.342
S0054,18,89.0,2.3,,40.9,4.0,1,0,Average,False,False,1,,,1.667
S0055,19,54.5,5.4,96.0,45.0,4.0,1,0,Average,True,False,1,57.58,75.25,0.727
S0056,22,71.6,3.2,79.3,46.6,4.82,0,0,Average,False,False,1,55.4,75.45,1.461
S0057,19,57.4,6.1,79.4,39.2,4.84,1,0,Average,False,False,1,54.12,68.4,0.781
S0058,21,48.0,5.2,80.3,50.4,5.32,0,0,Average,True,False,1,54.37,64.15,1.004
S0059,21,83.1,5.4,,59.1,5.68,1,1,Excellent,True,False,3,,,1.033
S0060,21,86.4,1.3,78.8,36.4,5.11,0,0,Average,False,False,1,52.27,82.6,3.65
S0061,21,,6.4,78.9,62.4,,0,1,Good,False,False,2,,,
S0062,22,36.1,4.5,81.5,50.1,5.72,0,0,Average,False,False,1,50.36,58.8,1.243
S0063,20,66.8,3.3,82.8,51.8,4.0,1,0,Average,True,False,1,56.89,74.8,1.176
S0064,23,80.9,4.3,51.7,54.6,4.55,1,0,Average,False,False,1,56.84,66.3,1.034
S0065,18,52.8,0.4,82.7,41.8,4.0,1,0,At Risk,True,False,0,45.04,67.75,8.0
S0066,21,77.8,4.8,69.9,63.2,5.57,0,1,Good,True,False,2,63.55,73.85,1.137
S0067,19,74.8,1.9,61.5,50.6,5.0,0,1,Average,True,False,1,51.88,68.15,2.5
S0068,21,83.7,1.3,52.3,42.4,4.64,0,0,Average,False,False,1,48.39,68.0,3.314
S0069,19,76.8,1.0,50.1,48.3,4.95,1,0,Average,False,False,1,47.79,63.45,4.5
S0070,23,60.4,6.2,67.1,66.3,5.24,1,0,Good,False,False,2,62.06,63.75,0.832
S0071,23,92.9,2.7,69.8,51.2,4.92,1,1,Good,True,False,2,59.6,81.35,1.757
S0072,23,72.6,7.1,100.0,79.9,5.6,0,1,Excellent,False,False,3,77.95,86.3,0.778
S0073,19,74.6,2.9,72.9,46.9,5.9,1,1,Good,True,False,2,54.48,73.75,1.967
S0074,21,61.0,0.6,78.9,40.4,4.18,0,0,At Risk,False,False,0,46.17,69.95,5.971
S0075,23,68.4,1.8,84.6,40.5,4.04,1,0,At Risk,True,False,0,51.19,76.5,2.126
S0076,22,61.7,6.5,90.0,59.8,6.86,0,0,Excellent,True,False,3,65.19,75.85,1.039
S0077,19,72.4,3.7,81.2,38.9,4.0,1,0,Average,True,False,1,54.12,76.8,1.053
S0078,19,100.0,2.9,62.9,54.3,4.36,0,0,Good,True,False,2,61.42,81.45,1.453
S0079,21,54.4,4.3,100.0,40.5,4.0,1,0,At Risk,False,False,0,54.94,77.2,0.909
S0080,19,50.8,5.0,100.0,51.3,5.02,1,0,Average,True,False,1,58.99,75.4,0.984
S0081,19,97.1,6.2,62.2,75.7,6.89,1,1,Excellent,True,False,3,73.54,79.65,1.094
S0082,23,71.9,6.9,73.4,67.4,6.64,1,1,Excellent,False,False,3,67.74,72.65,0.949
S0083,21,65.0,3.3,77.4,30.4,5.88,1,0,Average,True,False,1,47.87,71.2,1.729
S0084,23,90.6,1.3,63.1,67.4,4.24,1,0,Good,False,False,2,61.03,76.85,3.029
S0085,23,65.9,,89.0,51.7,5.59,1,0,Good,False,False,2,,77.45,
S0086,21,100.0,4.5,73.1,57.3,4.99,0,1,Good,False,False,2,67.17,86.55,1.085
S0087,18,85.2,2.1,100.0,53.1,4.72,1,1,Good,True,False,2,63.39,92.6,2.145
S0088,23,67.7,2.1,97.1,48.0,4.38,1,1,Average,False,False,1,56.64,82.4,1.991
S0089,22,100.0,4.7,87.6,58.8,4.8,0,1,Excellent,False,False,3,70.93,93.8,1.0
S0090,22,65.9,3.9,98.2,53.1,6.53,1,0,Good,True,False,2,61.2,82.05,1.632
S0091,19,86.1,4.1,99.8,53.3,5.87,0,0,Excellent,True,False,3,66.97,92.95,1.398
S0092,22,79.5,2.5,71.5,48.1,4.9,0,0,Average,False,False,1,55.18,75.5,1.885
S0093,19,94.5,3.5,69.8,53.4,6.28,0,0,Excellent,False,False,3,62.11,82.15,1.744
S0094,18,98.4,2.2,,44.7,4.0,0,1,Average,False,False,1,,,1.739
S0095,21,75.5,5.8,99.5,61.2,,1,0,Good,False,False,2,69.86,87.5,
S0096,21,63.7,6.1,89.3,62.1,4.0,1,0,Good,False,False,2,65.69,76.5,0.645
S0097,21,81.9,0.3,51.9,49.6,4.42,1,0,Average,True,False,1,48.72,66.9,11.05
S0098,22,64.8,2.1,67.2,52.3,5.27,1,1,Average,True,False,1,51.44,66.0,2.395
S0099,18,100.0,,,55.6,5.42,0,0,Good,True,False,2,,,
S0100,22,77.0,2.7,79.3,46.9,4.93,1,0,Average,False,False,1,56.02,78.15,1.761
S0101,22,69.5,3.8,100.0,59.0,4.41,1,0,Good,True,False,2,64.36,84.75,1.131
S0102,18,77.8,1.1,56.4,35.8,4.79,1,0,At Risk,False,False,0,45.09,67.1,3.992
S0103,18,,2.2,87.0,35.8,4.34,1,0,At Risk,False,False,0,,,1.887
S0104,18,60.4,2.0,100.0,,4.77,1,1,Average,False,False,1,,80.2,2.271
S0105,18,93.0,4.4,100.0,69.7,,1,0,Excellent,True,False,3,74.98,96.5,
S0106,21,65.1,4.1,77.1,59.4,5.81,1,1,Good,False,False,2,59.32,71.1,1.383
S0107,20,59.3,,87.6,49.5,4.02,0,0,Average,True,False,1,,73.45,
S0108,20,83.0,4.4,92.3,66.7,5.68,0,0,Excellent,False,False,3,69.89,87.65,1.262
S0109,18,92.8,2.9,83.7,49.5,5.4,1,1,Good,True,False,2,62.1,88.25,1.8
S0110,20,85.8,3.5,80.5,59.0,5.61,1,0,Good,True,False,2,64.03,83.15,1.558
S0111,20,89.9,7.3,96.1,67.9,5.39,1,0,Excellent,False,False,3,77.63,93.0,0.728
S0112,18,63.6,6.7,50.4,66.0,5.97,1,1,Good,True,False,2,60.25,57.0,0.878
S0113,20,53.7,1.4,88.0,39.4,4.0,0,0,At Risk,True,False,0,47.15,70.85,2.667
S0114,22,97.5,5.7,88.3,63.3,6.72,0,1,Excellent,False,False,3,73.69,92.9,1.159
S0115,19,70.2,5.6,82.9,62.2,5.57,1,0,Good,False,False,2,65.23,76.55,0.977
S0116,19,71.2,1.7,100.0,53.5,6.1,1,0,Good,False,False,2,59.36,85.6,3.389
S0117,18,94.9,5.6,76.1,59.9,5.17,0,0,Excellent,False,False,3,69.24,85.5,0.907
S0118,21,83.3,7.1,83.2,65.8,5.53,1,1,Excellent,False,False,3,72.33,83.25,0.768
S0119,18,81.8,1.8,100.0,41.5,4.0,1,0,Average,True,False,1,57.97,90.9,2.105
S0120,21,100.0,2.2,66.9,36.6,4.9,1,1,Average,True,False,1,54.86,83.45,2.13
S0121,19,65.3,6.0,78.7,59.2,4.98,1,1,Good,True,False,2,62.78,72.0,0.816
S0122,18,88.9,4.5,81.8,65.0,6.42,0,0,Excellent,False,False,3,68.84,85.35,1.396
S0123,23,75.9,5.1,,60.2,5.31,1,0,Good,False,False,2,,,1.021
S0124,22,79.0,4.7,87.5,,4.0,1,0,Average,True,False,1,,83.25,0.833
S0125,20,97.9,4.8,65.2,61.0,5.2,1,0,Excellent,True,False,3,66.87,81.55,1.061
S0126,21,82.6,1.3,69.6,30.9,4.0,0,0,At Risk,False,False,0,47.55,76.1,2.857
S0127,23,83.1,6.1,78.1,74.2,6.48,1,0,Excellent,True,False,3,72.53,80.6,1.045
S0128,20,91.1,6.3,86.4,57.5,4.5,0,1,Good,False,False,2,70.68,88.75,0.703
S0129,20,69.5,3.5,88.4,61.4,6.42,0,1,Excellent,True,False,3,62.38,78.95,1.783
S0130,18,62.4,3.9,89.1,58.0,5.41,1,1,Good,False,False,2,60.22,75.75,1.352
S0131,20,59.3,0.9,50.2,33.3,4.0,0,1,At Risk,True,False,0,38.02,54.75,4.0
S0132,22,45.5,5.0,100.0,39.6,4.9,1,0,Average,False,False,1,53.57,72.75,0.961
S0133,23,,5.1,89.0,68.1,6.86,0,0,Excellent,False,False,3,,,1.319
S0134,20,58.5,,100.0,42.5,4.53,1,1,Average,False,False,1,,79.25,
S0135,18,71.7,6.2,94.1,60.9,5.04,0,0,Good,False,False,2,68.39,82.9,0.8
S0136,22,70.8,3.3,98.1,47.3,4.0,0,1,Average,False,False,1,59.38,84.45,1.176
S0137,19,79.6,5.1,92.2,44.9,4.15,0,0,Average,False,False,1,62.55,85.9,0.798
S0138,23,87.2,2.0,99.2,34.3,4.0,1,0,Average,True,False,1,56.98,93.2,1.905
S0139,20,87.9,,90.8,60.2,5.7,1,1,Excellent,False,False,3,,89.35,
S0140,18,66.3,3.7,,46.5,4.51,0,1,Average,False,False,1,,,1.187
S0141,19,,4.5,100.0,50.8,5.6,1,0,Good,True,False,2,,,1.217
S0142,19,79.2,3.3,94.9,59.2,5.06,1,1,Good,False,False,2,65.0,87.05,1.488
S0143,21,71.3,3.7,91.0,61.9,5.67,1,0,Good,False,False,2,63.86,81.15,1.492
S0144,22,99.1,5.7,67.3,64.6,6.82,0,0,Excellent,False,False,3,70.34,83.2,1.176
S0145,20,82.4,3.1,61.9,51.3,5.35,1,1,Good,True,False,2,56.1,72.15,1.672
S0146,18,86.0,0.8,81.0,52.2,5.08,0,0,Good,True,False,2,57.3,83.5,5.644
S0147,21,84.9,7.5,92.2,57.1,4.94,0,0,Excellent,False,True,3,72.15,88.55,0.65
S0148,22,92.6,6.8,79.4,70.0,5.69,1,0,Excellent,False,False,3,74.86,86.0,0.825
S0149,21,77.7,1.4,79.9,51.9,4.43,1,0,Average,True,False,1,55.9,78.8,2.953
S0150,23,55.5,5.4,100.0,58.3,5.07,0,0,Good,False,False,2,63.28,77.75,0.922
S0151,22,81.0,3.0,91.4,37.8,4.87,0,0,Average,False,False,1,56.76,86.2,1.571
S0152,22,65.2,4.5,66.9,47.0,4.64,1,0,Average,True,False,1,53.63,66.05,1.009
S0153,20,67.1,4.6,82.5,46.9,4.0,1,1,Average,False,False,1,57.36,74.8,0.851
S0154,22,83.8,3.5,69.9,56.4,6.8,0,0,Excellent,True,False,3,60.5,76.85,1.889
S0155,21,93.6,2.4,74.0,59.1,5.8,1,1,Excellent,True,False,3,62.88,83.8,2.32
S0156,22,75.3,2.6,74.0,62.4,4.62,0,0,Good,True,False,2,59.8,74.65,1.711
S0157,20,79.6,2.2,72.2,46.5,4.44,0,0,Average,False,False,1,54.28,75.9,1.93
S0158,20,100.0,2.3,60.8,52.9,5.26,1,0,Good,True,False,2,59.51,80.4,2.192
S0159,23,78.6,3.9,80.9,64.5,7.23,0,0,Excellent,True,False,3,64.9,79.75,1.808
S0160,21,100.0,2.6,71.8,60.2,4.73,0,0,Good,True,False,2,64.76,85.9,1.752
S0161,19,83.5,5.4,41.9,71.4,7.06,1,0,Excellent,False,False,3,63.24,62.7,1.284
S0162,19,48.6,7.0,100.0,57.9,6.59,1,0,Excellent,False,False,3,64.08,74.3,0.928
S0163,22,86.3,2.8,96.9,45.0,4.2,0,0,Average,True,False,1,61.37,91.6,1.448
S0164,23,80.7,4.5,78.4,47.0,4.6,1,0,Average,True,False,1,59.8,79.55,1.0
S0165,18,94.3,5.0,85.3,50.9,4.22,1,0,Good,False,False,2,66.78,89.8,0.827
S0166,22,85.1,4.9,67.2,65.5,5.77,0,0,Excellent,True,False,3,65.81,76.15,1.154
S0167,23,72.9,4.2,100.0,64.0,5.81,1,1,Excellent,True,False,3,67.62,86.45,1.351
S0168,21,56.6,5.5,100.0,68.3,6.63,0,0,Excellent,True,False,3,67.22,78.3,1.184
S0169,21,71.9,5.0,87.4,63.3,6.67,1,0,Excellent,True,False,3,65.94,79.65,1.308
S0170,21,62.2,1.5,93.4,52.5,4.55,1,0,Average,True,False,1,55.1,77.8,2.844
S0171,21,66.3,5.7,89.0,52.3,4.0,1,1,Average,True,False,1,62.18,77.65,0.69
S0172,21,83.8,5.8,66.5,53.3,5.18,0,0,Good,True,False,2,62.57,75.15,0.878
S0173,23,100.0,2.5,73.8,64.3,6.09,1,1,Excellent,False,False,3,66.43,86.9,2.342
S0174,23,80.9,4.1,85.2,59.9,5.79,1,0,Excellent,True,False,3,65.06,83.05,1.379
S0175,20,57.1,5.4,79.0,54.2,4.99,0,1,Average,False,False,1,58.04,68.05,0.907
S0176,19,81.7,3.6,78.9,58.4,5.6,0,1,Good,False,False,2,62.64,80.3,1.514
S0177,21,92.9,6.1,,68.8,7.34,0,1,Excellent,True,False,3,,,1.184
S0178,18,65.9,8.7,91.2,76.1,6.87,1,0,Excellent,False,False,3,75.85,78.55,0.781
S0179,23,73.0,2.4,80.6,59.5,5.27,1,0,Good,True,False,2,59.2,76.8,2.108
S0180,18,75.2,1.2,61.5,50.5,4.63,0,0,Average,False,False,1,50.77,68.35,3.562
S0181,18,63.2,4.6,73.4,59.5,5.43,1,0,Good,True,False,2,58.97,68.3,1.155
S0182,18,84.7,5.4,66.5,65.7,,1,1,Excellent,True,False,3,66.47,75.6,
S0183,20,73.2,3.5,96.7,48.8,4.78,1,0,Good,True,False,2,60.55,84.95,1.328
S0184,23,81.3,6.9,57.2,71.1,6.25,0,0,Excellent,False,True,3,68.15,69.25,0.893
S0185,18,61.7,1.3,94.9,31.3,4.0,1,0,At Risk,True,False,0,47.53,78.3,2.857
S0186,21,68.4,5.4,100.0,65.2,6.79,0,0,Excellent,False,False,3,68.92,84.2,1.235
S0187,22,85.8,2.8,76.1,44.6,6.24,0,0,Good,True,False,2,56.95,80.95,2.152
S0188,18,69.4,7.4,50.8,65.3,6.28,1,1,Excellent,False,False,3,62.7,60.1,0.837
S0189,20,100.0,8.0,85.6,67.2,6.1,0,0,Excellent,True,False,3,78.97,92.8,0.753
S0190,23,69.0,2.5,79.0,52.6,5.19,0,0,Average,False,False,1,55.63,74.0,1.996
S0191,20,78.4,2.9,65.6,51.9,4.0,0,0,Average,True,False,1,55.72,72.0,1.333
S0192,18,89.0,5.7,78.7,51.0,5.66,0,0,Good,True,False,2,65.34,83.85,0.976
S0193,23,53.7,3.2,100.0,49.1,5.05,0,0,Average,True,False,1,55.94,76.85,1.53
S0194,22,48.6,3.9,92.8,41.7,4.84,1,0,Average,True,False,1,51.8,70.7,1.21
S0195,18,52.1,4.1,69.3,55.0,4.73,0,1,Average,False,False,1,52.97,60.7,1.126
S0196,20,93.9,0.2,51.4,48.8,,0,1,Average,True,False,1,51.17,72.65,
S0197,19,66.7,,78.1,55.2,4.98,0,1,Average,False,False,1,,72.4,
S0198,21,100.0,2.6,,50.1,5.82,1,0,Good,True,False,2,,,2.156
S0199,20,66.5,3.0,88.4,44.2,4.35,1,1,Average,False,False,1,54.78,77.45,1.403
S0200,23,77.8,6.9,,60.4,7.29,0,1,Excellent,True,False,3,,,1.041
S0201,18,98.1,1.5,85.7,60.8,5.99,1,1,Excellent,True,False,3,65.44,91.9,3.744
S0202,21,100.0,5.6,,80.2,5.79,0,0,Excellent,False,False,3,,,1.016
S0203,18,100.0,3.4,94.0,53.8,5.13,0,1,Excellent,True,False,3,68.3,97.0,1.466
S0204,23,93.1,3.4,81.1,66.7,5.48,0,1,Excellent,True,False,3,68.51,87.1,1.566
S0205,18,,5.6,83.5,46.6,4.0,0,1,Good,False,False,2,,,0.702
S0206,19,83.9,4.7,,49.7,6.26,0,0,Good,False,False,2,,,1.304
S0207,21,86.7,5.1,,53.6,5.78,1,1,Excellent,True,False,3,,,1.112
S0208,21,66.7,5.9,77.4,46.9,5.24,0,1,Good,True,False,2,58.4,72.05,0.873
S0209,23,62.7,,82.3,36.0,4.29,1,0,At Risk,False,False,0,,72.5,
S0210,19,74.9,2.8,81.4,54.2,4.15,0,0,Average,True,False,1,58.64,78.15,1.431
S0211,20,72.4,1.8,71.1,45.4,,0,1,Average,True,False,1,51.21,71.75,
S0212,18,68.2,2.3,59.0,50.4,5.7,1,0,Average,True,False,1,50.32,63.6,2.375
S0213,22,85.4,9.9,99.6,80.8,6.01,1,0,Excellent,False,False,3,86.05,92.5,0.601
S0214,18,89.3,6.5,87.1,68.4,4.08,0,0,Excellent,False,False,3,74.52,88.2,0.618
S0215,18,,1.3,85.1,52.1,4.94,1,1,Average,True,False,1,,,3.529
S0216,20,97.2,1.4,69.8,52.8,5.05,0,0,Good,True,False,2,59.07,83.5,3.367
S0217,18,57.9,5.0,100.0,42.9,4.68,0,0,Average,True,False,1,57.82,78.95,0.918
S0218,19,,5.1,72.0,65.4,6.51,0,0,Excellent,False,False,3,,,1.252
S0219,19,64.2,5.1,100.0,49.8,5.5,0,1,Good,True,False,2,61.98,82.1,1.058
S0220,21,47.0,3.5,55.8,37.1,4.43,0,0,At Risk,True,False,0,41.73,51.4,1.231
S0221,23,73.8,3.7,88.9,51.8,6.06,0,1,Good,False,False,2,60.53,81.35,1.595
S0222,22,73.2,4.7,91.5,48.8,4.0,1,1,Average,True,False,1,61.51,82.35,0.833
S0223,18,97.7,4.2,71.5,58.6,5.92,0,0,Excellent,False,False,3,66.24,84.6,1.377
S0224,18,84.5,0.0,,48.1,5.39,1,0,Average,True,False,1,,,53.9
S0225,20,59.6,3.5,100.0,51.2,4.08,0,0,Average,True,False,1,58.65,79.8,1.133
S0226,23,100.0,2.3,46.3,49.7,4.0,1,0,Average,True,False,1,55.49,73.15,1.667
S0227,19,93.3,4.4,,57.3,4.84,1,0,Good,False,False,2,,,1.076
S0228,22,83.7,10.0,57.6,83.7,6.49,0,1,Excellent,False,False,3,78.41,70.65,0.643
S0229,21,71.6,4.7,69.9,59.6,6.18,0,1,Good,False,False,2,60.57,70.75,1.288
S0230,19,60.6,3.4,100.0,65.0,5.41,1,0,Good,True,False,2,63.57,80.3,1.546
S0231,23,69.4,5.8,77.9,67.7,5.38,1,0,Good,False,False,2,66.29,73.65,0.912
S0232,21,91.3,5.0,67.4,71.5,5.8,0,0,Excellent,True,False,3,69.66,79.35,1.137
S0233,20,100.0,4.8,81.6,53.3,6.09,0,0,Excellent,True,False,3,67.97,90.8,1.243
S0234,20,98.1,5.2,100.0,71.1,6.28,1,0,Excellent,False,False,3,78.08,99.05,1.185
S0235,18,67.7,8.1,63.7,64.2,5.71,0,1,Good,True,False,2,65.63,65.7,0.696
S0236,23,58.2,1.7,62.6,38.2,4.2,1,1,At Risk,True,False,0,43.27,60.4,2.333
S0237,22,,4.9,100.0,59.2,6.59,0,0,Excellent,True,False,3,,,1.318
S0238,21,48.5,2.1,100.0,48.4,4.3,0,1,At Risk,True,False,0,52.56,74.25,1.955
S0239,19,79.8,5.1,83.6,63.2,6.84,1,0,Excellent,True,False,3,67.29,81.7,1.315
S0240,23,72.8,2.2,,41.4,4.65,1,1,Average,False,False,1,,,2.022
S0241,23,68.0,3.2,100.0,55.9,5.23,0,0,Good,True,False,2,61.9,84.0,1.585
S0242,20,51.1,3.4,100.0,40.4,6.42,1,0,Average,False,False,1,52.58,75.55,1.834
S0243,18,82.7,6.0,97.2,64.5,,1,1,Excellent,False,False,3,72.69,89.95,
S0244,18,67.0,5.8,74.4,55.1,5.02,1,0,Good,True,False,2,60.58,70.7,0.851
S0245,21,57.5,1.5,77.3,40.0,4.0,0,1,At Risk,True,False,0,46.34,67.4,2.5
S0246,20,31.9,4.1,80.8,48.0,5.64,1,0,Average,True,False,1,47.77,56.35,1.343
S0247,23,74.6,2.6,85.2,41.9,5.87,1,0,Good,False,False,2,54.69,79.9,2.174
S0248,22,100.0,,99.8,70.1,7.54,1,0,Excellent,True,False,3,,99.9,
S0249,20,99.9,3.6,95.4,46.2,5.75,1,0,Excellent,False,False,3,66.23,97.65,1.554
S0250,21,,3.4,65.6,45.8,4.59,0,0,Average,True,False,1,,,1.311
S0251,21,66.0,8.9,100.0,69.5,5.88,1,0,Excellent,False,False,3,75.66,83.0,0.653
S0252,20,82.0,4.9,89.5,64.0,4.5,1,0,Good,True,False,2,68.97,85.75,0.9
S0253,21,60.0,1.2,87.7,40.8,6.08,0,0,Average,True,False,1,48.82,73.85,4.677
S0254,20,79.5,2.9,100.0,,5.5,1,1,Good,False,False,2,,89.75,1.833
S0255,19,86.5,6.0,70.3,67.2,,0,0,Excellent,False,False,3,69.2,78.4,
S0256,20,93.4,8.2,90.9,70.8,7.31,1,1,Excellent,True,False,3,79.98,92.15,0.881
S0257,20,73.5,0.8,68.6,55.6,4.56,0,0,Average,False,False,1,52.89,71.05,5.067
S0258,21,71.9,0.2,51.9,48.9,5.26,1,0,Average,True,False,1,45.8,61.9,17.533
S0259,21,61.8,7.7,95.6,68.6,5.98,1,0,Excellent,False,False,3,71.41,78.7,0.767
S0260,18,62.6,4.8,100.0,45.5,5.24,1,0,Good,False,False,2,59.58,81.3,1.069
S0261,18,71.6,2.3,52.0,47.7,4.81,1,0,Average,True,False,1,48.83,61.8,2.004
S0262,19,80.5,5.1,84.7,57.0,4.26,1,0,Good,True,False,2,65.52,82.6,0.819
S0263,18,88.7,0.0,84.6,38.6,4.38,0,0,Average,True,False,1,52.6,86.65,43.8
S0264,20,63.0,4.0,84.8,53.8,6.07,1,0,Good,False,False,2,58.21,73.9,1.48
S0265,21,97.4,4.7,82.7,59.0,5.52,1,1,Excellent,False,False,3,69.37,90.05,1.15
S0266,18,70.9,5.8,67.1,63.9,6.45,1,0,Excellent,True,False,3,63.18,69.0,1.093
S0267,18,74.7,2.0,82.5,39.8,4.0,0,0,At Risk,True,False,0,52.44,78.6,1.905
S0268,19,63.8,4.2,72.0,65.5,5.91,1,0,Good,False,False,2,60.28,67.9,1.374
S0269,23,38.6,,46.4,30.7,4.0,1,1,At Risk,False,True,0,,42.5,
S0270,19,88.3,4.5,100.0,61.7,6.3,1,0,Excellent,False,False,3,71.17,94.15,1.37
S0271,20,86.1,2.2,93.8,58.8,5.55,0,0,Good,True,False,2,64.53,89.95,2.413
S0272,21,70.8,3.2,82.2,46.3,5.33,0,0,Average,True,False,1,55.68,76.5,1.615
S0273,19,76.0,2.0,82.4,55.6,6.21,1,0,Good,True,False,2,58.27,79.2,2.957
S0274,18,82.7,5.3,100.0,50.9,,0,0,Excellent,False,False,3,67.32,91.35,
S0275,21,51.6,5.7,89.8,64.2,6.07,1,1,Good,True,False,2,62.83,70.7,1.047
S0276,21,67.1,3.5,95.6,50.7,4.24,0,0,Average,False,False,1,59.47,81.35,1.178
S0277,18,86.9,4.1,78.7,53.6,5.21,1,0,Good,True,False,2,63.06,82.8,1.24
S0278,19,56.2,1.1,96.9,37.8,4.0,0,0,At Risk,False,False,0,48.49,76.55,3.333
S0279,18,79.4,3.4,86.6,60.5,5.35,1,0,Good,False,False,2,64.01,83.0,1.529
S0280,23,54.7,3.9,85.7,43.4,4.3,1,0,At Risk,False,False,0,52.5,70.2,1.075
S0281,21,82.0,9.2,74.3,66.2,5.19,0,0,Excellent,True,False,3,73.86,78.15,0.558
S0282,22,74.5,1.8,82.9,46.0,4.0,0,0,Average,True,False,1,54.3,78.7,2.105
S0283,22,50.8,6.9,76.3,46.5,4.26,0,0,Average,True,False,1,55.74,63.55,0.609
S0284,20,92.5,6.0,77.4,80.3,6.97,1,0,Excellent,False,False,3,76.71,84.95,1.143
S0285,18,,,72.0,48.5,4.0,1,1,Average,False,False,1,,,
S0286,18,62.8,7.5,74.0,,6.09,1,0,Excellent,False,False,3,,68.4,0.801
S0287,20,78.0,4.7,100.0,59.2,7.07,1,0,Excellent,False,False,3,68.05,89.0,1.473
S0288,20,92.2,4.8,100.0,54.2,6.07,1,0,Excellent,False,False,3,70.02,96.1,1.239
S0289,20,59.8,3.9,100.0,49.6,6.29,0,0,Good,True,False,2,58.81,79.9,1.572
S0290,21,75.9,6.4,69.5,68.2,6.4,0,0,Excellent,False,False,3,67.41,72.7,0.985
S0291,23,81.4,6.2,88.5,,6.62,0,0,Excellent,True,False,3,,84.95,1.051
S0292,18,85.4,2.7,61.0,63.3,5.22,1,1,Good,True,False,2,60.2,73.2,1.864
S0293,21,77.6,1.4,67.4,55.7,4.83,1,1,Average,True,False,1,54.71,72.5,3.22
S0294,20,69.5,3.6,68.4,59.0,4.0,0,0,Average,True,False,1,57.7,68.95,1.081
S0295,18,62.6,2.4,98.4,42.3,5.49,1,1,Average,True,False,1,54.14,80.5,2.196
S0296,21,76.3,3.9,76.9,46.0,5.99,1,1,Good,False,False,2,57.06,76.6,1.498
S0297,23,58.9,6.5,100.0,52.3,4.7,1,0,Good,True,False,2,63.86,79.45,0.712
S0298,21,31.2,3.1,90.3,40.2,4.21,0,1,At Risk,False,False,0,45.1,60.75,1.316
S0299,23,81.5,3.9,100.0,60.5,5.03,0,0,Good,True,False,2,68.05,90.75,1.258
S0300,20,88.6,4.1,61.0,41.5,4.8,1,0,Average,True,False,1,55.71,74.8,1.143
S0301,23,39.6,5.7,100.0,48.9,5.83,1,0,Average,True,False,1,56.52,69.8,1.005
S0302,18,59.9,0.0,92.2,39.2,4.0,1,0,At Risk,True,False,0,47.14,76.05,40.0
S0303,20,84.3,2.8,66.0,51.5,5.42,0,0,Good,False,False,2,56.97,75.15,1.869
S0304,18,100.0,4.4,98.9,73.5,6.19,0,0,Excellent,True,False,3,77.84,99.45,1.376
S0305,22,75.3,6.4,92.8,65.2,6.0,1,1,Excellent,False,False,3,70.87,84.05,0.923
S0306,19,64.1,3.0,77.6,58.7,5.89,1,1,Good,True,False,2,57.09,70.85,1.9
S0307,23,72.3,0.2,63.0,40.6,4.29,1,1,At Risk,False,False,0,45.22,67.65,14.3
S0308,19,95.6,5.2,74.6,71.8,6.23,1,1,Excellent,False,False,3,72.62,85.1,1.175
S0309,19,65.3,2.7,100.0,60.8,5.48,0,1,Good,False,False,2,62.1,82.65,1.957
S0310,23,63.0,1.6,78.2,,6.03,1,0,Good,True,False,2,,70.6,3.547
S0311,20,67.8,2.8,92.3,40.0,4.74,1,0,Average,True,False,1,54.08,80.05,1.634
S0312,22,60.7,3.6,70.3,47.0,5.0,0,0,Average,True,False,1,51.68,65.5,1.351
S0313,18,76.8,2.8,68.9,48.7,4.0,1,1,Average,False,False,1,54.69,72.85,1.379
S0314,21,99.4,0.0,91.2,53.7,4.92,0,0,Good,True,False,2,61.88,95.3,49.2
S0315,18,79.8,5.8,66.4,66.8,6.73,0,1,Excellent,True,False,3,66.28,73.1,1.141
S0316,21,71.2,6.5,81.8,54.1,5.28,0,0,Good,False,False,2,63.93,76.5,0.8
S0317,18,70.6,5.3,86.1,57.6,5.98,0,0,Good,True,False,2,63.86,78.35,1.107
S0318,23,51.6,1.7,80.1,24.4,4.88,0,1,At Risk,False,False,0,40.29,65.85,2.711
S0319,22,88.2,3.6,79.5,68.8,6.96,1,0,Excellent,True,False,3,68.03,83.85,1.881
S0320,21,73.8,4.0,88.9,50.0,5.07,1,0,Good,True,False,2,60.4,81.35,1.237
S0321,20,72.3,5.2,95.8,57.7,5.05,1,0,Good,False,False,2,66.1,84.05,0.953
S0322,18,100.0,5.3,96.6,63.4,4.0,0,0,Excellent,True,False,3,75.34,98.3,0.741
S0323,18,79.5,2.5,65.2,60.5,5.5,0,1,Good,False,False,2,58.26,72.35,2.115
S0324,21,63.7,4.2,79.1,29.0,4.0,1,0,At Risk,True,False,0,48.9,71.4,0.93
S0325,20,68.6,4.9,100.0,55.1,5.62,0,0,Good,True,False,2,64.6,84.3,1.124
S0326,20,92.2,6.9,100.0,67.5,5.93,0,0,Excellent,False,False,3,78.18,96.1,0.847
S0327,23,76.7,5.4,65.2,55.6,5.08,1,1,Good,False,False,2,60.68,70.95,0.924
S0328,23,53.4,5.6,91.5,66.6,4.57,1,0,Good,False,False,2,64.29,72.45,0.802
S0329,23,88.8,4.2,53.7,52.1,4.37,1,0,Average,True,False,1,58.18,71.25,1.016
S0330,23,65.0,6.8,89.3,66.1,6.35,1,1,Excellent,False,False,3,68.58,77.15,0.92
S0331,23,100.0,4.8,100.0,67.3,7.41,0,0,Excellent,True,False,3,76.55,100.0,1.512
S0332,23,91.2,2.3,65.4,64.4,5.79,1,1,Excellent,True,False,3,62.25,78.3,2.412
S0333,22,68.3,6.8,76.1,55.6,5.6,0,0,Good,False,False,2,63.09,72.2,0.812
S0334,20,94.2,5.4,97.3,,6.28,1,0,Excellent,True,False,3,,95.75,1.142
S0335,23,76.0,3.1,58.1,60.9,5.01,0,0,Good,False,False,2,57.1,67.05,1.566
S0336,20,87.8,3.0,71.5,58.7,5.82,1,1,Good,True,False,2,61.8,79.65,1.877
S0337,20,82.3,4.6,93.1,46.1,4.17,0,1,Average,True,False,1,63.0,87.7,0.887
S0338,19,62.3,4.9,75.3,49.1,5.64,1,0,Good,False,False,2,55.99,68.8,1.128
S0339,22,65.3,4.4,80.3,55.9,5.48,1,0,Good,False,False,2,59.28,72.8,1.218
S0340,23,,4.6,95.4,67.6,6.29,1,1,Excellent,False,False,3,,,1.338
S0341,18,70.0,7.4,96.1,57.8,4.84,1,0,Good,False,False,2,69.28,83.05,0.645
S0342,21,68.9,6.1,91.2,35.7,4.71,1,1,Average,False,False,1,58.13,80.05,0.76
S0343,18,60.7,,78.7,55.6,7.0,1,0,Good,False,False,2,,69.7,
S0344,22,81.4,5.9,92.4,52.4,4.34,1,1,Good,False,False,2,67.0,86.9,0.723
S0345,21,100.0,1.9,76.9,39.6,4.1,1,0,Average,True,False,1,57.41,88.45,2.05
S0346,22,59.0,4.8,,29.4,4.0,1,0,At Risk,True,False,0,,,0.816
S0347,20,75.4,7.6,82.7,71.9,6.94,1,0,Excellent,True,False,3,73.22,79.05,0.901
S0348,21,96.2,3.6,79.5,60.7,5.19,1,1,Excellent,False,True,3,67.19,87.85,1.403
S0349,20,,2.3,64.8,47.2,4.0,1,0,At Risk,False,False,0,,,1.667
S0350,18,81.8,2.7,79.9,63.8,6.92,1,0,Excellent,True,False,3,63.26,80.85,2.471
S0351,18,59.1,1.8,66.4,48.2,5.5,1,0,Average,False,False,1,47.92,62.75,2.895
S0352,21,,2.4,63.1,64.6,4.48,1,0,Good,False,False,2,,,1.792
S0353,21,72.2,3.3,85.5,40.4,4.0,0,1,Average,True,False,1,54.79,78.85,1.176
S0354,23,89.8,1.2,80.6,,6.27,1,1,Good,False,False,2,,85.2,4.823
S0355,22,92.8,4.0,94.7,46.9,5.97,1,0,Excellent,False,False,3,65.22,93.75,1.456
S0356,23,100.0,5.8,80.1,65.6,6.69,1,1,Excellent,True,False,3,73.65,90.05,1.134
S0357,22,83.7,2.2,85.5,49.7,4.84,1,1,Good,False,False,2,59.09,84.6,2.104
S0358,23,79.9,7.0,97.3,70.0,6.27,0,1,Excellent,True,False,3,75.6,88.6,0.883
S0359,20,77.9,5.0,91.7,58.7,5.42,1,0,Good,False,False,2,66.69,84.8,1.063
S0360,21,69.7,6.1,74.8,64.2,6.75,1,1,Excellent,False,True,3,65.02,72.25,1.089
S0361,18,80.1,2.7,82.6,57.8,4.77,1,0,Good,False,False,2,61.27,81.35,1.704
S0362,22,70.6,5.7,91.9,75.5,5.89,0,0,Excellent,True,False,3,71.96,81.25,1.016
S0363,22,77.5,1.8,78.7,46.1,5.57,1,1,Average,False,False,1,54.25,78.1,2.932
S0364,18,94.8,5.8,55.3,,5.46,1,0,Excellent,False,False,3,,75.05,0.925
S0365,23,59.9,4.3,86.0,52.8,6.27,0,0,Good,True,False,2,57.82,72.95,1.425
S0366,22,92.1,5.1,100.0,56.5,4.85,0,1,Excellent,False,False,3,71.3,96.05,0.933
S0367,20,94.8,1.6,72.8,65.1,5.86,0,1,Excellent,True,False,3,63.71,83.8,3.447
S0368,21,73.2,2.2,,46.3,4.04,1,0,Average,False,False,1,,,1.757
S0369,18,43.2,5.2,91.0,44.0,4.65,0,1,Average,True,False,1,53.07,67.1,0.877
S0370,21,65.9,2.1,83.9,42.3,4.0,0,0,At Risk,True,False,0,51.56,74.9,1.818
S0371,22,94.5,4.9,100.0,68.8,5.74,1,0,Excellent,True,False,3,75.87,97.25,1.148
S0372,22,74.7,1.3,58.7,45.0,4.0,0,1,At Risk,False,False,0,48.33,66.7,2.857
S0373,18,60.0,5.7,97.4,50.0,5.56,0,0,Good,True,False,2,61.48,78.7,0.959
S0374,20,67.4,1.5,86.9,58.0,6.05,1,0,Good,False,False,2,57.03,77.15,3.781
S0375,19,87.6,5.1,83.1,54.7,4.0,1,0,Good,True,False,2,66.17,85.35,0.769
S0376,18,83.2,5.3,90.7,61.1,6.73,1,0,Excellent,True,False,3,69.16,86.95,1.246
S0377,19,71.4,2.6,95.6,,7.26,1,0,Excellent,False,False,3,,83.5,2.689
S0378,23,69.5,5.2,98.5,43.4,4.64,1,1,Average,False,False,1,60.93,84.0,0.875
S0379,19,69.1,4.5,66.9,58.1,4.97,1,1,Good,True,False,2,58.49,68.0,1.08
S0380,20,61.2,2.9,93.1,38.6,6.58,0,0,Good,False,False,2,52.26,77.15,2.193
S0381,23,,2.0,78.0,62.3,4.68,0,1,Good,False,False,2,,,2.229
S0382,19,70.2,0.1,76.3,33.7,4.04,1,0,At Risk,False,False,0,44.77,73.25,20.2
S0383,23,93.3,4.7,85.5,67.6,,0,0,Excellent,True,False,3,71.92,89.4,
S0384,19,97.8,0.9,74.5,60.9,6.73,1,1,Excellent,True,False,3,62.16,86.15,6.73
S0385,20,90.0,4.2,100.0,66.5,6.28,1,0,Excellent,False,False,3,72.78,95.0,1.46
S0386,19,68.5,3.5,80.7,53.1,4.79,0,0,Average,True,False,1,57.68,74.6,1.331
S0387,19,81.1,5.4,69.0,,4.76,0,0,Good,False,False,2,,75.05,0.865
S0388,19,74.6,3.4,75.9,48.0,4.61,0,0,Average,False,False,1,56.3,75.25,1.317
S0389,18,61.4,3.3,84.3,60.1,4.8,1,1,Average,False,False,1,58.74,72.85,1.412
S0390,18,79.9,5.5,100.0,54.9,5.33,1,0,Good,False,False,2,68.36,89.95,0.952
S0391,18,57.3,4.7,,43.0,4.13,1,0,Average,False,True,1,,,0.86
S0392,20,92.8,4.6,71.4,67.0,4.82,0,0,Excellent,True,False,3,68.6,82.1,1.026
S0393,23,68.0,4.9,100.0,48.7,5.93,1,0,Good,False,False,2,62.21,84.0,1.186
S0394,22,78.0,0.9,80.8,38.5,4.0,1,0,At Risk,True,False,0,50.64,79.4,4.0
S0395,19,79.2,5.5,100.0,48.7,4.0,0,0,Good,True,False,2,66.01,89.6,0.714
S0396,19,71.1,5.2,83.1,53.1,5.05,1,1,Good,False,False,2,61.65,77.1,0.953
S0397,20,83.8,2.0,87.0,50.5,5.08,1,1,Good,False,False,2,59.36,85.4,2.419
S0398,19,67.9,3.5,94.6,52.8,4.0,0,0,Average,False,True,1,60.21,81.25,1.111
S0399,18,88.1,3.9,100.0,65.7,6.21,1,0,Excellent,False,False,3,71.52,94.05,1.552
S0400,22,54.8,3.7,98.3,51.8,4.27,0,0,Average,True,False,1,57.66,76.55,1.124
S0401,21,76.9,4.7,97.5,55.6,6.7,1,1,Excellent,True,False,3,66.02,87.2,1.396
S0402,19,100.0,6.9,84.1,69.1,6.57,0,1,Excellent,False,False,3,77.5,92.05,0.939
S0403,18,60.0,6.2,78.8,60.7,5.32,1,0,Good,True,False,2,62.34,69.4,0.844
S0404,21,64.8,1.4,82.8,53.8,4.63,1,1,Average,True,False,1,53.92,73.8,3.087
S0405,22,82.7,5.2,99.4,61.4,5.6,1,0,Excellent,True,False,3,70.71,91.05,1.057
S0406,21,77.7,6.7,85.1,59.7,6.07,1,0,Excellent,True,False,3,68.51,81.4,0.893
S0407,18,80.3,4.8,100.0,50.5,5.01,1,0,Good,True,False,2,65.75,90.15,1.022
S0408,23,82.3,6.2,100.0,51.7,4.93,1,0,Good,True,False,2,69.0,91.15,0.783
S0409,23,84.5,8.0,77.3,74.7,6.53,1,0,Excellent,True,False,3,76.06,80.9,0.806
S0410,21,91.6,6.0,74.4,70.1,5.72,1,0,Excellent,True,False,3,72.32,83.0,0.938
S0411,20,81.1,4.5,81.9,62.4,5.47,1,0,Good,False,True,2,66.0,81.5,1.189
S0412,21,71.4,6.1,91.8,58.7,4.0,1,0,Good,True,False,2,66.92,81.6,0.645
S0413,19,85.1,4.3,75.7,,6.96,1,0,Excellent,True,False,3,,80.4,1.582
S0414,19,100.0,4.0,100.0,58.1,5.73,1,0,Excellent,False,False,3,72.0,100.0,1.398
S0415,23,73.0,3.3,88.0,59.4,4.95,1,0,Good,True,False,2,62.14,80.5,1.456
S0416,20,60.4,7.1,89.8,59.1,7.06,0,0,Excellent,False,False,3,65.58,75.1,0.981
S0417,18,91.6,2.4,58.3,49.8,5.06,0,0,Good,False,False,2,55.99,74.95,2.024
S0418,19,73.2,7.1,69.5,68.0,5.25,0,0,Good,True,False,2,67.83,71.35,0.729
S0419,23,42.4,5.0,89.2,51.0,5.75,1,0,Average,True,False,1,54.62,65.8,1.127
S0420,22,87.7,1.2,45.4,52.8,5.49,0,0,Average,False,False,1,51.48,66.55,4.223
S0421,23,67.0,4.7,99.6,,5.61,1,0,Good,False,False,2,,83.3,1.169
S0422,19,73.6,0.0,72.6,41.8,,1,0,At Risk,True,False,0,47.55,73.1,
S0423,19,80.0,5.3,100.0,79.0,,0,1,Excellent,False,False,3,76.48,90.0,
S0424,23,77.9,5.8,100.0,70.2,,1,0,Excellent,True,False,3,73.71,88.95,
S0425,18,85.6,2.8,77.9,59.9,6.04,0,0,Excellent,False,True,3,62.61,81.75,2.083
S0426,21,68.5,4.2,81.8,54.0,4.0,0,0,Average,True,False,1,59.38,75.15,0.93
S0427,19,82.7,7.9,100.0,76.6,6.25,1,0,Excellent,False,False,3,80.65,91.35,0.781
S0428,23,71.1,3.0,100.0,54.5,6.65,1,0,Excellent,False,False,3,61.85,85.55,2.145
S0429,23,86.1,1.9,54.2,51.7,4.49,1,0,Average,False,False,1,53.63,70.15,2.245
S0430,20,84.2,7.0,62.2,63.8,5.34,0,0,Excellent,True,False,3,67.49,73.2,0.752
S0431,21,61.0,7.9,81.5,61.4,5.33,1,1,Good,True,False,2,66.21,71.25,0.666
S0432,22,91.3,4.0,91.7,34.0,4.0,0,0,Average,True,False,1,59.73,91.5,0.976
S0433,18,67.0,6.0,94.5,59.8,,0,0,Good,True,False,2,66.58,80.75,
S0434,22,87.1,6.7,100.0,62.3,5.55,0,0,Excellent,True,False,3,74.75,93.55,0.816
S0435,21,80.5,2.5,62.0,64.4,5.97,0,1,Good,False,False,2,59.23,71.25,2.296
S0436,21,100.0,3.0,46.3,59.2,5.51,0,1,Good,True,False,2,59.98,73.15,1.777
S0437,21,71.6,6.5,100.0,51.5,4.97,0,0,Good,True,False,2,66.76,85.8,0.753
S0438,22,69.8,7.4,77.4,62.7,5.8,1,1,Excellent,False,False,3,67.21,73.6,0.773
S0439,21,74.7,5.1,54.9,49.3,5.78,0,0,Good,False,False,2,55.41,64.8,1.112
S0440,23,70.5,2.2,81.6,51.5,4.94,0,1,Average,False,False,1,55.64,76.05,2.148
S0441,22,87.0,8.0,100.0,72.4,5.88,0,1,Excellent,False,True,3,80.42,93.5,0.726
S0442,21,50.8,2.9,79.0,51.6,4.87,1,0,Average,True,False,1,51.39,64.9,1.623
S0443,23,59.2,3.3,74.7,41.3,4.94,0,1,Average,True,False,1,49.7,66.95,1.453
S0444,20,59.0,4.7,82.0,52.1,6.26,1,0,Good,False,False,2,57.22,70.5,1.304
S0445,21,89.3,7.1,83.6,,4.93,1,0,Excellent,False,False,3,,86.45,0.685
S0446,22,100.0,5.7,66.2,72.7,6.44,0,0,Excellent,True,False,3,73.18,83.1,1.11
S0447,19,73.4,4.8,73.9,60.6,5.91,1,1,Good,False,False,2,62.34,73.65,1.206
S0448,21,72.5,4.9,92.6,60.4,4.83,0,0,Good,True,False,2,65.95,82.55,0.966
S0449,19,,4.1,88.0,55.1,5.32,1,0,Good,True,False,2,,,1.267
S0450,23,92.4,5.1,87.7,66.3,4.81,1,1,Excellent,False,False,3,72.34,90.05,0.925
S0451,20,61.1,0.0,60.1,51.2,4.0,0,0,At Risk,False,False,0,45.22,60.6,40.0
S0452,18,78.6,3.4,79.1,51.5,5.38,0,0,Good,False,False,2,59.16,78.85,1.537
S0453,20,89.6,4.5,51.3,61.5,5.38,1,0,Good,True,False,2,61.68,70.45,1.17
S0454,21,82.5,1.7,81.1,41.2,4.63,1,0,Average,False,False,1,54.1,81.8,2.572
S0455,19,77.8,4.8,100.0,50.8,5.03,0,0,Good,True,False,2,65.23,88.9,1.027
S0456,19,90.0,3.6,60.1,58.6,4.73,1,0,Good,True,False,2,61.03,75.05,1.278
S0457,22,34.5,7.5,81.2,61.7,5.67,1,1,Good,False,False,2,58.96,57.85,0.746
S0458,19,85.2,7.1,94.1,64.8,4.9,1,1,Excellent,False,False,3,74.63,89.65,0.681
S0459,22,65.2,3.1,100.0,47.0,5.93,0,0,Good,False,False,2,57.92,82.6,1.853
S0460,23,47.5,3.7,75.7,42.1,4.0,1,0,At Risk,False,False,0,47.92,61.6,1.053
S0461,18,82.7,,72.4,52.2,4.98,1,0,Good,False,False,2,,77.55,
S0462,21,95.6,3.1,51.7,60.3,4.78,0,0,Good,False,False,2,60.51,73.65,1.494
S0463,22,72.9,4.4,85.4,43.1,5.04,1,0,Average,True,False,1,57.72,79.15,1.12
S0464,18,89.3,2.5,100.0,64.5,5.6,1,0,Excellent,True,False,3,69.07,94.65,2.154
S0465,19,99.2,1.7,82.6,49.5,4.56,1,1,Good,True,False,2,61.48,90.9,2.533
S0466,19,94.7,5.2,85.1,69.8,6.87,0,0,Excellent,True,False,3,73.79,89.9,1.296
S0467,18,,5.3,90.4,55.6,5.36,1,0,Excellent,False,False,3,,,0.993
S0468,19,86.1,2.4,79.6,58.4,5.92,0,1,Good,True,False,2,61.88,82.85,2.368
S0469,23,76.1,5.8,74.4,65.6,5.15,1,0,Good,True,False,2,66.53,75.25,0.873
S0470,23,51.0,2.7,92.7,46.5,4.0,0,0,At Risk,True,False,0,52.06,71.85,1.429
S0471,18,71.3,4.5,87.4,46.9,4.9,1,0,Average,False,False,1,59.22,79.35,1.065
S0472,22,62.4,5.6,86.5,57.5,5.19,1,0,Good,True,False,2,62.36,74.45,0.911
S0473,22,100.0,3.9,68.2,52.2,5.63,0,1,Good,False,False,2,63.41,84.1,1.408
S0474,18,72.4,4.9,100.0,54.4,5.2,1,0,Good,True,False,2,65.31,86.2,1.04
S0475,22,76.8,3.0,91.0,60.3,5.78,1,1,Good,True,False,2,63.5,83.9,1.865
S0476,22,83.3,3.6,73.9,,4.43,0,1,Good,False,False,2,,78.6,1.197
S0477,23,75.7,3.6,97.2,53.6,6.73,1,1,Excellent,False,False,3,63.12,86.45,1.819
S0478,22,100.0,2.5,72.5,49.7,4.85,1,1,Good,True,False,2,61.06,86.25,1.865
S0479,20,65.7,3.6,70.5,55.7,5.9,0,0,Good,False,False,2,56.02,68.1,1.595
S0480,21,77.9,0.9,65.4,46.2,4.1,0,0,At Risk,False,False,0,50.23,71.65,4.1
S0481,19,63.9,,54.4,,4.02,0,0,At Risk,True,False,0,,59.15,
S0482,20,55.2,3.4,88.9,53.0,4.14,0,0,Average,False,False,1,55.8,72.05,1.183
S0483,22,65.8,3.5,54.5,50.0,5.36,1,1,Average,False,False,1,50.68,60.15,1.489
S0484,23,74.4,3.5,63.6,62.4,,0,0,Good,False,False,2,58.99,69.0,
S0485,18,68.6,3.9,51.7,43.5,4.63,1,1,Average,False,False,1,49.22,60.15,1.158
S0486,22,64.6,5.0,83.7,29.0,4.3,1,1,At Risk,False,False,0,51.37,74.15,0.843
S0487,23,53.9,5.7,84.1,55.5,4.34,0,1,Average,False,False,1,59.22,69.0,0.748
S0488,21,,2.7,75.5,52.6,4.61,1,1,Average,False,False,1,,,1.646
S0489,22,52.4,1.6,62.6,27.0,4.0,1,0,At Risk,False,False,0,37.74,57.5,2.353
S0490,18,86.4,1.9,61.2,43.8,6.31,1,0,Good,False,False,2,52.34,73.8,3.155
S0491,23,76.2,3.0,88.0,73.9,6.32,0,0,Excellent,False,False,3,67.52,82.1,2.039
S0492,23,53.1,3.3,73.3,43.4,5.08,0,0,Average,False,False,1,48.62,63.2,1.494
S0493,23,70.4,2.5,84.7,54.5,5.18,1,0,Good,True,False,2,57.78,77.55,1.992
S0494,21,63.7,1.4,,,5.84,1,1,Average,False,False,1,,,3.893
S0495,22,79.8,3.1,83.9,36.5,4.0,1,1,Average,False,False,1,54.67,81.85,1.25
S0496,21,95.1,4.4,100.0,60.4,5.7,1,0,Excellent,True,False,3,72.25,97.55,1.267
S0497,19,46.9,5.2,94.2,47.5,4.0,0,0,Average,False,False,1,55.86,70.55,0.755
S0498,19,76.7,2.9,74.6,48.5,4.0,1,0,Average,True,False,1,55.9,75.65,1.333
S0499,22,,3.2,85.3,50.5,5.27,0,0,Good,True,False,2,,,1.597
S0500,21,85.1,2.1,75.6,53.9,5.35,0,0,Good,False,False,2,58.76,80.35,2.432
S0501,18,78.2,3.9,82.9,54.0,5.01,1,0,Good,True,False,2,61.53,80.55,1.252
S0502,23,63.7,2.3,74.7,35.9,4.07,0,0,At Risk,False,False,0,47.26,69.2,1.696
S0503,23,70.2,5.1,,60.2,8.09,1,0,Excellent,False,False,3,,,1.556
S0504,22,63.1,0.4,79.0,24.5,4.0,1,0,At Risk,True,False,0,40.82,71.05,8.0
S0505,19,91.1,3.3,66.7,40.8,4.86,0,0,Average,True,False,1,55.9,78.9,1.429
S0506,19,75.3,4.6,69.0,62.3,5.22,1,0,Good,True,False,2,62.1,72.15,1.111
S0507,23,100.0,4.4,63.0,67.3,6.27,1,0,Excellent,False,False,3,68.49,81.5,1.393
S0508,22,74.1,9.4,69.8,70.0,6.01,1,0,Excellent,False,True,3,72.65,71.95,0.633
S0509,21,64.4,4.7,66.1,42.3,4.21,0,1,At Risk,False,False,0,51.96,65.25,0.877
S0510,19,,2.0,81.4,36.0,5.62,0,0,At Risk,True,False,0,,,2.676
S0511,21,48.0,3.8,69.2,43.7,5.56,1,0,Average,False,False,1,47.47,58.6,1.426
S0512,19,51.2,0.4,83.5,23.8,4.0,0,1,At Risk,False,False,0,38.5,67.35,8.0
S0513,19,79.0,3.8,83.1,49.2,4.0,0,0,Average,False,False,1,59.92,81.05,1.026
S0514,20,82.6,2.3,50.1,56.9,5.13,1,1,Average,True,False,1,54.42,66.35,2.138
S0515,19,51.3,5.8,96.4,64.2,8.01,0,0,Excellent,False,False,3,64.24,73.85,1.358
S0516,18,88.4,2.9,93.0,51.9,4.93,1,0,Good,False,False,2,63.7,90.7,1.643
S0517,22,67.8,3.8,67.7,57.8,6.35,0,0,Good,False,False,2,57.05,67.75,1.628
S0518,22,77.2,2.7,86.7,35.9,5.31,1,0,Average,True,False,1,53.7,81.95,1.896
S0519,21,99.2,7.5,77.2,77.5,6.83,1,0,Excellent,False,False,3,79.86,88.2,0.899
S0520,19,88.5,3.4,83.3,50.3,4.34,0,0,Good,False,False,2,62.06,85.9,1.24
S0521,18,71.0,7.7,71.4,66.9,4.07,0,0,Good,True,False,2,68.28,71.2,0.522
S0522,21,61.6,5.6,59.3,53.3,5.75,1,0,Good,False,False,2,55.25,60.45,1.009
S0523,20,42.7,5.0,79.3,58.4,4.85,1,0,Average,False,False,1,55.31,61.0,0.951
S0524,21,64.2,4.7,82.5,46.4,4.92,1,0,Average,True,False,1,56.62,73.35,1.025
S0525,21,71.8,4.8,78.6,61.0,4.66,0,0,Good,True,False,2,63.02,75.2,0.951
S0526,19,60.2,0.1,57.4,36.1,4.0,0,0,At Risk,False,False,0,39.33,58.8,20.0
S0527,20,73.0,3.4,75.8,50.8,5.07,1,0,Average,True,False,1,56.86,74.4,1.449
S0528,21,76.2,5.7,90.4,58.5,5.72,1,1,Excellent,False,False,3,67.1,83.3,0.986
S0529,18,71.6,3.9,82.1,46.4,4.0,1,0,Average,True,False,1,57.06,76.85,1.0
S0530,18,65.2,1.2,80.1,43.0,5.54,1,0,Average,False,False,1,49.37,72.65,4.262
S0531,22,77.5,3.9,72.7,54.4,4.79,1,0,Good,True,False,2,59.46,75.1,1.198
S0532,20,81.6,7.4,100.0,68.6,4.78,1,0,Excellent,False,False,3,76.74,90.8,0.637
S0533,20,58.6,6.5,70.4,57.8,5.38,0,1,Good,False,True,2,59.79,64.5,0.815
S0534,22,96.2,3.9,90.1,66.9,6.04,1,0,Excellent,False,False,3,71.98,93.15,1.51
S0535,21,73.5,5.9,100.0,67.1,6.15,1,0,Excellent,False,False,3,71.69,86.75,1.025
S0536,20,75.3,3.3,88.8,44.1,,0,0,Good,True,False,2,57.52,82.05,
S0537,18,85.6,0.6,73.2,54.4,5.07,1,1,Good,False,False,2,56.08,79.4,7.243
S0538,18,78.5,2.2,71.5,40.7,4.35,1,0,Average,True,False,1,51.84,75.0,1.891
S0539,19,89.3,7.1,100.0,72.8,5.49,1,1,Excellent,True,False,3,79.64,94.65,0.763
S0540,20,79.3,3.5,60.7,59.2,6.21,1,1,Good,True,False,2,58.52,70.0,1.725
S0541,21,65.8,3.5,67.4,34.9,4.24,1,0,At Risk,True,False,0,47.98,66.6,1.178
S0542,22,80.4,3.4,75.8,55.1,4.97,0,1,Good,False,False,2,60.21,78.1,1.42
S0543,22,57.8,7.8,100.0,57.0,4.0,1,0,Good,False,False,2,67.4,78.9,0.506
S0544,21,76.6,7.3,95.3,,6.68,1,1,Excellent,True,False,3,,85.95,0.903
S0545,23,74.5,8.4,77.3,78.4,5.72,1,0,Excellent,True,False,3,75.53,75.9,0.673
S0546,19,71.9,3.7,77.7,47.4,4.37,0,0,Average,False,True,1,56.27,74.8,1.15
S0547,22,73.1,4.6,75.0,49.3,5.24,0,0,Good,True,False,2,58.2,74.05,1.115
S0548,20,46.8,1.0,,37.6,4.0,1,1,At Risk,True,False,0,,,3.636
S0549,19,66.8,7.0,100.0,66.5,4.8,1,0,Good,True,False,2,71.64,83.4,0.676
S0550,20,76.4,1.7,57.8,46.9,4.0,1,0,At Risk,False,False,0,49.91,67.1,2.222
S0551,18,77.4,4.4,100.0,65.8,6.52,1,0,Excellent,False,False,3,69.71,88.7,1.449
S0552,19,59.6,1.8,91.0,,4.41,1,0,Average,True,False,1,,75.3,2.321
S0553,22,94.0,2.8,97.0,39.2,6.69,1,0,Excellent,True,False,3,61.29,95.5,2.307
S0554,19,62.0,2.3,72.7,41.3,4.0,1,0,At Risk,False,False,0,48.33,67.35,1.667
S0555,19,89.5,2.8,78.4,50.8,4.31,0,0,Average,False,False,1,60.5,83.95,1.486
S0556,19,81.4,2.9,59.3,57.0,4.97,1,0,Good,True,False,2,56.99,70.35,1.657
S0557,23,65.3,2.9,72.9,27.3,4.0,1,0,At Risk,False,False,0,45.29,69.1,1.333
S0558,19,100.0,5.7,93.8,87.5,6.87,0,0,Excellent,True,False,3,83.88,96.9,1.184
S0559,20,57.1,1.8,98.0,46.8,5.3,0,0,Average,True,False,1,53.26,77.55,2.789
S0560,18,88.8,4.4,67.2,61.0,4.88,0,1,Good,False,False,2,64.32,78.0,1.084
S0561,21,90.0,6.4,82.3,75.7,5.44,1,0,Excellent,True,False,3,76.12,86.15,0.837
S0562,19,64.9,3.0,78.7,67.2,4.59,0,1,Good,False,False,2,60.49,71.8,1.481
S0563,22,95.9,2.6,59.3,63.5,4.03,1,1,Good,True,False,2,62.39,77.6,1.493
S0564,19,71.2,3.5,90.9,59.5,5.16,1,0,Good,True,False,2,62.64,81.05,1.433
S0565,22,79.3,6.4,76.9,64.0,5.6,1,0,Excellent,False,True,3,68.27,78.1,0.862
S0566,20,78.9,4.4,80.9,55.7,4.84,1,1,Good,True,False,2,62.73,79.9,1.076
S0567,22,73.0,2.9,74.0,46.8,5.8,0,0,Good,False,False,2,54.26,73.5,1.933
S0568,21,87.2,5.0,73.2,54.6,6.26,1,0,Excellent,True,False,3,63.88,80.2,1.227
S0569,18,86.9,1.8,78.5,46.0,4.49,1,0,Average,True,False,1,56.53,82.7,2.363
S0570,22,48.8,5.4,82.6,40.0,4.0,1,0,At Risk,True,False,0,51.72,65.7,0.727
S0571,22,94.6,4.8,79.0,62.2,5.28,0,1,Excellent,False,False,3,69.22,86.8,1.078
S0572,18,50.1,3.4,70.9,31.8,4.0,1,0,At Risk,True,False,0,43.5,60.5,1.143
S0573,21,90.5,2.3,,55.6,4.81,1,0,Good,False,False,2,,,2.004
S0574,19,91.9,2.2,100.0,53.9,4.68,1,0,Good,True,False,2,65.51,95.95,2.035
S0575,22,58.6,5.1,87.3,54.1,4.72,1,0,Average,False,False,1,59.54,72.95,0.908
S0576,18,68.8,6.5,100.0,56.0,5.05,1,0,Good,True,False,2,67.63,84.4,0.765
S0577,20,58.4,2.7,59.5,70.2,5.7,1,0,Good,False,False,2,55.57,58.95,2.036
S0578,18,71.8,4.9,87.2,67.1,,1,1,Excellent,False,False,3,67.04,79.5,
S0579,20,70.4,0.0,58.5,31.2,4.16,1,0,At Risk,False,False,0,40.22,64.45,41.6
S0580,21,86.7,2.8,58.4,56.3,,0,1,Average,False,False,1,57.73,72.55,
S0581,19,94.7,3.9,71.7,55.2,6.33,0,0,Excellent,False,False,3,63.84,83.2,1.582
S0582,18,95.9,2.2,97.3,47.3,4.05,0,0,Good,False,False,2,63.66,96.6,1.761
S0583,23,66.6,2.1,93.5,35.6,4.0,0,0,At Risk,True,False,0,51.31,80.05,1.818
S0584,22,71.9,2.7,84.0,53.1,5.49,0,0,Good,True,False,2,57.86,77.95,1.961
S0585,21,,4.6,61.2,43.3,4.0,1,0,At Risk,False,False,0,,,0.851
S0586,18,62.9,3.6,79.3,57.4,5.7,0,0,Good,False,False,2,57.68,71.1,1.541
S0587,22,89.5,,79.5,54.8,4.0,1,1,Average,False,False,1,,84.5,
S0588,18,99.2,0.0,77.6,60.8,6.76,0,1,Excellent,True,False,3,61.6,88.4,67.6
S0589,20,56.5,2.8,52.9,38.5,4.85,0,0,At Risk,True,False,0,42.85,54.7,1.672
S0590,18,66.1,4.9,71.4,58.3,4.3,0,0,Average,True,False,1,59.38,68.75,0.86
S0591,23,74.6,0.0,74.0,47.4,4.0,0,0,At Risk,False,False,0,50.04,74.3,40.0
S0592,18,79.2,3.0,89.0,49.0,6.28,1,0,Good,True,False,2,59.75,84.1,2.026
S0593,18,62.9,2.9,47.9,41.4,4.0,1,0,At Risk,True,False,0,44.63,55.4,1.333
S0594,23,81.4,6.8,86.2,77.7,5.99,0,0,Excellent,True,False,3,76.12,83.8,0.868
S0595,21,67.9,3.2,83.5,51.8,4.0,1,1,Average,True,False,1,57.14,75.7,1.212
S0596,18,74.8,4.8,97.3,61.9,5.43,1,1,Excellent,False,False,3,67.82,86.05,1.108
S0597,23,83.2,4.3,94.0,51.3,4.9,1,0,Good,True,False,2,64.72,88.6,1.114
S0598,22,75.1,0.0,83.7,32.8,4.54,1,0,At Risk,False,False,0,47.0,79.4,45.4
S0599,20,68.5,5.5,74.0,52.5,4.03,1,0,Average,True,False,1,59.47,71.25,0.72
S0600,20,73.4,4.4,55.2,54.2,4.04,1,1,Average,True,False,1,55.69,64.3,0.898
S0601,18,73.7,5.0,79.1,,5.28,1,0,Good,True,False,2,,76.4,1.035
S0602,21,69.4,,100.0,76.4,7.39,0,0,Excellent,True,False,3,,84.7,
S0603,21,71.1,0.0,95.9,27.8,4.0,1,1,At Risk,True,False,0,46.68,83.5,40.0
S0604,22,99.0,7.4,100.0,62.9,6.64,1,0,Excellent,True,False,3,79.1,99.5,0.885
S0605,18,83.4,3.4,88.2,60.6,5.67,1,0,Excellent,False,False,3,65.37,85.8,1.62
S0606,20,70.6,4.6,89.9,59.8,6.46,1,0,Excellent,True,False,3,64.23,80.25,1.374
S0607,21,85.5,3.9,74.5,54.2,5.2,1,0,Good,False,False,2,61.74,80.0,1.3
S0608,18,70.0,3.2,79.4,42.5,4.0,0,0,Average,False,False,1,53.59,74.7,1.212
S0609,21,92.6,2.9,100.0,48.3,,1,0,Good,False,False,2,64.89,96.3,
S0610,23,80.5,4.7,70.3,55.3,6.17,1,0,Good,True,False,2,61.37,75.4,1.285
S0611,21,73.4,1.0,100.0,50.2,4.3,1,0,Average,True,False,1,57.59,86.7,3.909
S0612,20,81.7,5.5,81.2,68.4,5.79,1,1,Excellent,True,False,3,69.77,81.45,1.034
S0613,19,51.4,3.2,100.0,41.0,4.32,1,0,At Risk,True,False,0,52.53,75.7,1.309
S0614,22,58.1,1.7,57.3,33.3,4.0,0,0,At Risk,False,True,0,40.47,57.7,2.222
S0615,22,57.1,3.1,90.0,48.6,6.25,1,0,Good,True,False,2,54.45,73.55,1.953
S0616,20,77.1,6.5,76.9,56.0,4.64,1,1,Good,True,False,2,65.09,77.0,0.703
S0617,21,100.0,2.9,59.6,54.6,5.68,1,1,Good,False,False,2,60.86,79.8,1.893
S0618,18,100.0,4.7,87.7,74.7,6.41,0,0,Excellent,False,False,3,76.52,93.85,1.335
S0619,21,84.6,2.5,95.1,59.5,6.58,1,0,Excellent,False,False,3,65.16,89.85,2.531
S0620,20,82.5,5.5,73.3,62.5,,1,1,Excellent,True,False,3,66.33,77.9,
S0621,22,48.0,5.4,63.3,40.4,4.24,1,0,At Risk,True,False,0,47.8,55.65,0.771
S0622,21,66.9,7.7,89.0,64.9,5.18,1,0,Excellent,True,False,3,70.07,77.95,0.664
S0623,22,63.2,3.6,80.9,58.3,6.14,1,1,Good,True,False,2,58.39,72.05,1.659
S0624,18,65.7,5.3,93.8,52.6,4.0,0,0,Average,True,False,1,62.43,79.75,0.741
S0625,22,72.5,4.2,97.6,65.2,6.43,0,1,Excellent,True,False,3,67.46,85.05,1.495
S0626,22,67.9,6.6,87.3,70.5,5.35,1,1,Excellent,True,False,3,70.11,77.6,0.799
S0627,19,45.3,2.6,100.0,54.7,6.28,1,0,Good,True,False,2,54.8,72.65,2.326
S0628,19,86.2,5.5,89.4,64.8,6.02,0,1,Excellent,True,False,3,71.28,87.8,1.075
S0629,23,58.9,3.6,77.0,53.2,5.71,0,1,Average,False,False,1,54.74,67.95,1.543
S0630,19,78.6,3.9,58.6,66.6,6.06,0,0,Good,False,False,2,61.18,68.6,1.515
S0631,22,100.0,4.2,79.5,66.2,4.57,1,0,Excellent,False,False,3,71.07,89.75,1.063
S0632,20,61.2,4.5,79.0,47.9,4.19,0,0,Average,True,False,1,55.36,70.1,0.911
S0633,22,37.0,3.8,97.0,38.9,4.87,1,0,At Risk,True,False,0,48.6,67.0,1.249
S0634,20,70.7,4.4,90.7,56.3,5.51,1,1,Good,True,False,2,62.85,80.7,1.224
S0635,20,91.5,7.2,71.7,58.7,6.47,0,0,Excellent,False,False,3,69.76,81.6,0.886
S0636,19,100.0,6.0,89.6,66.9,6.34,1,0,Excellent,False,False,3,76.33,94.8,1.039
S0637,21,56.6,5.7,96.5,,5.0,0,0,Good,True,False,2,,76.55,0.862
S0638,18,82.5,3.1,100.0,36.5,4.0,1,1,Average,False,False,1,58.57,91.25,1.25
S0639,19,68.0,2.2,92.7,59.3,5.64,0,0,Good,True,False,2,59.96,80.35,2.452
S0640,19,73.4,5.9,98.2,68.7,4.27,1,0,Good,False,False,2,71.87,85.8,0.712
S0641,21,100.0,5.8,87.5,63.7,7.16,1,0,Excellent,False,False,3,74.46,93.75,1.214
S0642,18,52.5,6.9,94.6,60.8,6.0,0,0,Good,False,False,2,64.82,73.55,0.857
S0643,22,78.8,2.8,99.3,52.1,6.11,0,0,Good,False,False,2,62.46,89.05,2.107
S0644,23,82.0,3.5,62.0,64.9,4.63,1,0,Good,False,False,2,61.45,72.0,1.286
S0645,23,91.3,0.7,71.2,57.4,6.44,0,0,Good,True,False,2,58.32,81.25,8.05
S0646,22,76.5,3.2,69.8,41.3,6.26,1,0,Good,False,False,2,52.87,73.15,1.897
S0647,19,79.6,6.0,92.7,66.6,4.94,1,1,Excellent,True,False,3,71.75,86.15,0.81
S0648,18,69.1,3.1,99.7,48.4,5.52,1,0,Good,False,False,2,59.32,84.4,1.725
S0649,19,79.0,5.3,76.6,60.3,5.62,1,0,Good,False,False,2,65.01,77.8,1.041
S0650,20,69.9,3.6,46.3,45.9,4.0,1,0,At Risk,False,False,0,48.8,58.1,1.081
S0651,19,84.3,4.6,78.0,73.1,6.78,1,0,Excellent,True,False,3,69.93,81.15,1.443
S0652,19,69.5,1.7,92.1,54.3,5.92,1,0,Good,False,False,2,57.63,80.8,3.289
S0653,22,80.7,4.2,91.5,50.9,4.57,0,0,Good,False,False,2,63.29,86.1,1.063
S0654,22,74.6,0.0,81.4,31.7,4.83,0,0,At Risk,False,False,0,46.02,78.0,48.3
S0655,22,91.9,,78.0,,4.0,1,0,Good,True,False,2,,84.95,
S0656,23,74.2,0.7,57.2,47.8,4.0,1,0,At Risk,True,False,0,47.89,65.7,5.0
S0657,20,48.4,6.4,95.5,55.6,5.45,1,1,Good,True,False,2,61.33,71.95,0.838
S0658,22,93.9,5.6,73.7,75.0,6.52,0,0,Excellent,True,False,3,73.8,83.8,1.144
S0659,18,61.4,4.9,100.0,59.4,4.99,1,0,Good,False,False,2,64.31,80.7,0.998
S0660,23,65.2,7.0,97.6,68.3,6.75,0,0,Excellent,True,False,3,71.39,81.4,0.951
S0661,21,66.1,2.1,70.5,48.7,5.35,0,0,Average,False,True,1,51.17,68.3,2.432
S0662,18,95.6,7.5,80.8,60.1,6.29,1,0,Excellent,True,False,3,73.6,88.2,0.828
S0663,18,43.0,,85.4,49.0,4.84,0,0,Average,True,False,1,,64.2,
S0664,22,100.0,3.5,78.4,69.0,6.62,1,0,Excellent,False,False,3,70.66,89.2,1.839
S0665,21,90.8,6.3,100.0,65.7,5.59,0,0,Excellent,False,False,3,76.19,95.4,0.873
S0666,21,78.3,1.8,81.4,52.9,6.82,1,0,Good,True,False,2,57.37,79.85,3.589
S0667,23,74.2,2.4,68.8,46.9,4.16,1,1,Average,False,False,1,52.72,71.5,1.664
S0668,21,79.3,2.8,100.0,44.0,6.32,0,0,Good,False,False,2,59.89,89.65,2.179
S0669,20,82.8,2.9,81.5,52.6,5.18,0,0,Good,True,False,2,60.24,82.15,1.727
S0670,22,84.7,1.9,90.3,53.6,4.12,1,1,Average,False,True,1,61.16,87.5,2.06
S0671,21,83.3,6.4,78.7,58.9,6.63,1,0,Excellent,False,True,3,67.85,81.0,1.02
S0672,23,76.3,3.5,87.4,51.5,5.19,1,0,Good,False,False,2,60.41,81.85,1.442
S0673,20,72.0,4.7,89.1,48.2,5.57,0,0,Good,True,False,2,60.52,80.55,1.16
S0674,19,72.7,2.9,52.5,59.5,6.55,1,0,Good,False,False,2,54.33,62.6,2.183
S0675,19,72.1,0.4,100.0,40.5,4.7,1,0,Average,True,False,1,52.87,86.05,9.4
S0676,20,92.0,4.5,100.0,72.7,5.89,1,1,Excellent,True,False,3,75.94,96.0,1.28
S0677,23,,0.2,69.4,58.0,6.26,1,0,Good,True,False,2,,,20.867
S0678,20,30.9,3.9,66.3,40.3,4.42,0,0,At Risk,True,False,0,41.59,48.6,1.105
S0679,22,84.8,1.3,82.8,41.3,5.03,0,1,Average,False,False,1,54.38,83.8,3.593
S0680,22,77.9,8.0,92.3,50.7,4.0,1,1,Good,False,False,2,69.01,85.1,0.494
S0681,19,74.7,5.8,91.9,48.0,5.24,1,0,Good,False,False,2,63.52,83.3,0.888
S0682,21,69.2,4.2,86.3,42.4,4.03,0,0,Average,True,False,1,56.4,77.75,0.937
S0683,23,91.9,6.5,95.6,78.1,8.01,1,0,Excellent,True,False,3,80.26,93.75,1.214
S0684,19,89.2,2.3,100.0,54.6,5.77,0,0,Excellent,True,False,3,65.24,94.6,2.404
S0685,21,63.4,5.1,93.7,,5.64,0,0,Good,False,True,2,,78.55,1.085
S0686,21,81.1,4.4,,39.8,4.78,0,0,Average,True,False,1,,,1.062
S0687,22,60.4,4.5,100.0,42.0,4.0,0,1,Average,False,False,1,57.3,80.2,0.87
S0688,18,54.3,6.5,100.0,62.9,7.07,1,0,Excellent,False,False,3,66.42,77.15,1.071
S0689,18,65.6,5.5,100.0,58.5,7.1,1,0,Excellent,True,False,3,66.04,82.8,1.268
S0690,20,87.9,4.6,67.3,59.0,5.85,0,0,Excellent,False,False,3,63.75,77.6,1.245
S0691,22,89.3,0.7,80.0,53.4,6.48,0,0,Good,True,False,2,58.18,84.65,8.1
S0692,21,82.7,2.1,48.0,64.2,5.4,1,0,Good,False,False,2,56.24,65.35,2.455
S0693,23,85.9,3.8,90.9,55.4,4.69,0,0,Good,False,False,2,65.38,88.4,1.203
S0694,18,82.7,4.2,75.2,58.0,5.51,1,1,Good,True,False,2,63.01,78.95,1.281
S0695,21,65.4,1.7,100.0,46.3,5.13,0,0,Average,True,False,1,55.39,82.7,2.85
S0696,18,81.5,8.8,81.0,90.0,7.08,1,0,Excellent,False,False,3,82.74,81.25,0.796
S0697,18,87.0,7.0,63.7,50.3,5.45,0,0,Good,False,False,2,63.76,75.35,0.768
S0698,18,86.3,5.2,78.3,67.0,6.27,0,0,Excellent,True,False,3,69.35,82.3,1.183
S0699,23,92.8,4.1,53.6,59.2,4.75,0,0,Good,False,False,2,61.47,73.2,1.131
S0700,22,85.6,3.6,93.5,61.0,6.08,0,1,Excellent,False,False,3,67.45,89.55,1.643
S0701,23,80.3,2.1,48.2,45.1,5.4,1,1,Average,False,False,1,49.0,64.25,2.455
S0702,19,91.1,4.2,83.8,59.5,5.71,1,0,Excellent,True,False,3,67.36,87.45,1.328
S0703,21,74.6,4.5,52.8,61.6,6.62,0,0,Good,False,False,2,58.27,63.7,1.439
S0704,22,61.8,1.5,73.2,67.9,5.1,0,1,Average,False,False,1,56.36,67.5,3.187
S0705,22,72.6,4.7,100.0,62.3,6.11,1,0,Excellent,True,False,3,67.79,86.3,1.273
S0706,22,63.8,3.7,87.8,43.5,4.0,1,0,Average,True,False,1,54.9,75.8,1.053
S0707,22,64.9,,62.4,36.7,4.0,1,0,At Risk,False,True,0,,63.65,
S0708,23,72.8,2.3,79.1,45.1,4.2,1,1,Average,True,False,1,53.64,75.95,1.75
S0709,22,63.1,3.2,81.7,34.2,4.0,1,0,At Risk,False,False,0,49.42,72.4,1.212
S0710,20,70.4,7.8,97.7,61.9,5.28,1,1,Excellent,True,False,3,71.81,84.05,0.668
S0711,21,46.6,5.1,64.7,55.1,5.13,1,1,Average,True,False,1,52.38,55.65,0.987
S0712,22,78.2,1.3,86.5,37.2,4.9,1,0,Average,False,False,1,52.04,82.35,3.5
S0713,21,75.0,5.0,44.4,65.9,5.7,0,1,Good,True,False,2,59.03,59.7,1.118
S0714,20,62.7,0.9,67.4,45.4,4.0,0,1,At Risk,True,False,0,46.54,65.05,4.0
S0715,20,84.9,6.2,80.1,58.2,6.4,0,0,Excellent,True,False,3,67.95,82.5,1.016
S0716,21,89.1,3.1,90.7,54.9,,1,0,Good,False,False,2,64.8,89.9,
S0717,18,50.9,3.8,82.9,59.5,5.52,1,0,Average,True,False,1,56.46,66.9,1.415
S0718,19,63.6,6.7,67.3,65.0,6.26,1,0,Excellent,True,False,3,63.28,65.45,0.921
S0719,18,63.5,1.4,63.0,43.3,4.76,0,0,At Risk,False,False,0,45.96,63.25,3.173
S0720,18,60.9,1.2,80.4,40.0,5.28,1,0,Average,True,False,1,47.31,70.65,4.062
S0721,23,87.4,2.8,79.4,55.2,5.7,1,0,Good,False,False,2,61.72,83.4,1.966
S0722,18,72.1,6.1,78.5,55.8,4.66,0,1,Good,True,False,2,63.42,75.3,0.752
S0723,22,71.0,1.0,69.8,27.5,5.39,1,0,At Risk,False,False,0,43.0,70.4,4.9
S0724,23,44.9,,85.4,49.8,5.14,1,0,At Risk,True,False,0,,65.15,
S0725,23,84.5,3.1,73.4,55.9,5.24,1,0,Good,False,False,2,60.54,78.95,1.638
S0726,20,56.4,5.1,83.9,55.4,6.1,1,0,Good,True,False,2,58.77,70.15,1.173
S0727,18,75.9,6.4,100.0,61.5,5.89,1,0,Excellent,True,False,3,71.17,87.95,0.906
S0728,20,79.2,3.1,59.8,47.2,5.15,1,0,Average,True,False,1,53.45,69.5,1.609
S0729,21,95.4,3.2,53.6,56.7,7.4,1,0,Excellent,True,False,3,59.75,74.5,2.242
S0730,19,55.4,6.3,99.4,42.7,4.34,1,1,Average,True,False,1,59.18,77.4,0.678
S0731,23,,0.3,65.4,48.1,4.63,0,1,At Risk,True,False,0,,,11.575
S0732,21,77.8,3.2,76.6,43.1,4.68,1,0,Average,False,False,1,55.19,77.2,1.418
S0733,21,100.0,4.4,72.1,54.9,6.15,0,1,Excellent,True,False,3,65.97,86.05,1.367
S0734,22,93.6,4.9,80.9,59.3,4.35,0,1,Good,True,False,2,68.5,87.25,0.87
S0735,19,78.1,3.0,100.0,62.7,4.19,1,0,Good,False,False,2,66.47,89.05,1.352
S0736,21,67.6,4.1,95.2,52.7,4.69,1,1,Good,False,False,2,61.22,81.4,1.117
S0737,21,87.1,0.0,87.9,36.2,4.0,1,1,Average,True,False,1,52.03,87.5,40.0
S0738,19,60.4,2.7,59.2,56.3,5.04,0,0,Average,True,False,1,51.14,59.8,1.8
S0739,19,82.1,4.9,67.5,65.2,6.31,0,0,Excellent,True,False,3,65.01,74.8,1.262
S0740,21,82.6,2.0,40.0,55.1,4.59,0,0,Average,False,False,1,51.27,61.3,2.186
S0741,19,90.9,4.1,71.1,65.3,4.78,0,0,Good,False,False,2,66.63,81.0,1.138
S0742,21,,4.9,99.2,83.9,7.09,1,1,Excellent,True,False,3,,,1.418
S0743,21,80.9,3.3,89.4,71.7,6.99,0,0,Excellent,False,False,3,68.7,85.15,2.056
S0744,22,67.4,4.3,80.3,47.6,4.0,1,1,Average,False,False,1,56.74,73.85,0.909
S0745,18,74.6,,78.9,61.7,6.36,0,1,Good,False,False,2,,76.75,
S0746,21,48.5,3.6,71.9,48.4,5.56,1,0,Average,False,False,1,49.44,60.2,1.503
S0747,20,64.6,5.2,88.5,59.0,6.3,0,0,Good,True,False,2,63.17,76.55,1.189
S0748,23,68.9,,95.1,40.0,5.37,0,0,Average,True,False,1,,82.0,
S0749,18,67.1,2.8,56.4,47.2,6.59,0,0,Good,True,False,2,49.24,61.75,2.272
S0750,18,77.3,4.4,88.3,49.9,4.71,1,0,Good,True,False,2,61.78,82.8,1.047
S0751,18,62.7,5.4,99.8,61.6,5.78,1,0,Good,False,False,2,66.19,81.25,1.051
S0752,22,91.8,0.0,68.8,,5.03,1,0,Good,False,False,2,,80.3,50.3
S0753,21,75.0,6.3,98.1,44.8,4.69,1,1,Good,True,False,2,64.55,86.55,0.733
S0754,22,74.9,3.3,100.0,52.2,6.36,0,0,Excellent,True,False,3,62.5,87.45,1.871
S0755,21,70.1,4.9,83.2,64.7,4.81,1,0,Good,True,False,2,64.98,76.65,0.962
S0756,22,77.3,,93.7,60.9,4.97,1,0,Good,False,False,2,,85.5,
S0757,22,87.4,1.3,66.5,56.0,6.46,0,1,Good,True,False,2,56.92,76.95,4.614
S0758,23,62.0,2.6,82.9,49.2,5.77,0,0,Average,True,False,1,53.63,72.45,2.137
S0759,20,65.1,3.4,88.7,52.5,4.86,0,0,Average,True,False,1,58.06,76.9,1.389
S0760,22,,2.4,82.7,46.1,5.45,0,1,Average,True,False,1,,,2.18
S0761,23,54.8,7.5,,49.2,5.22,1,0,Average,False,True,1,,,0.687
S0762,19,62.7,2.3,82.7,36.7,5.4,0,0,Average,False,False,1,48.89,72.7,2.25
S0763,20,67.9,2.9,100.0,54.7,5.34,0,0,Good,True,False,2,60.95,83.95,1.78
S0764,22,88.1,4.4,90.5,59.8,6.41,0,1,Excellent,False,False,3,68.39,89.3,1.424
S0765,18,78.9,1.6,92.6,47.4,6.96,1,0,Good,False,False,2,57.5,85.75,4.094
S0766,19,77.9,3.2,77.8,49.6,5.45,1,0,Good,False,False,2,57.73,77.85,1.652
S0767,19,87.8,4.6,95.4,57.7,5.5,0,0,Excellent,True,False,3,68.89,91.6,1.17
S0768,23,72.9,3.3,85.8,60.1,6.18,0,1,Good,True,False,2,61.92,79.35,1.818
S0769,19,80.9,3.8,68.3,53.0,4.89,0,0,Good,True,False,2,58.77,74.6,1.254
S0770,20,73.5,2.9,85.6,40.0,6.31,1,0,Good,False,False,2,54.33,79.55,2.103
S0771,22,79.0,1.0,62.1,52.6,5.3,0,1,Average,True,False,1,52.25,70.55,4.818
S0772,22,66.3,4.6,74.7,52.1,4.91,1,0,Average,True,False,1,57.42,70.5,1.045
S0773,18,38.4,7.5,92.8,54.3,4.59,1,1,Average,True,False,1,59.66,65.6,0.604
S0774,23,73.0,4.0,87.5,66.8,6.89,1,1,Excellent,False,False,3,65.8,80.25,1.68
S0775,18,96.3,4.5,66.2,62.2,6.43,0,1,Excellent,True,False,3,66.59,81.25,1.398
S0776,19,88.9,5.4,100.0,65.2,,1,0,Excellent,False,False,3,74.04,94.45,
S0777,18,89.5,1.5,,41.9,4.98,1,0,Average,False,False,1,,,3.113
S0778,20,93.5,7.4,,68.5,4.9,0,1,Excellent,True,False,3,,,0.653
S0779,22,76.3,4.4,60.7,61.0,5.81,0,1,Good,False,False,2,59.9,68.5,1.291
S0780,19,78.0,7.3,87.4,52.9,5.54,0,0,Excellent,True,False,3,67.66,82.7,0.749
S0781,18,65.7,2.5,73.3,48.8,6.29,0,1,Good,False,False,2,52.33,69.5,2.419
S0782,23,,7.6,91.9,64.7,5.27,0,0,Excellent,True,False,3,,,0.684
S0783,20,84.2,5.6,80.8,62.4,4.72,1,0,Good,False,False,2,68.38,82.5,0.828
S0784,20,,5.1,55.1,71.5,5.57,1,0,Excellent,False,False,3,,,1.071
S0785,18,72.9,4.5,78.2,58.0,4.41,1,1,Good,False,False,2,61.66,75.55,0.959
S0786,22,68.2,3.5,77.4,62.8,6.84,0,0,Excellent,False,False,3,60.34,72.8,1.9
S0787,18,,6.4,97.3,53.8,6.47,1,0,Excellent,True,False,3,,,0.995
S0788,19,84.0,4.3,73.1,59.2,5.81,0,1,Good,False,False,2,63.51,78.55,1.32
S0789,18,53.3,0.1,100.0,37.0,5.2,1,0,At Risk,False,False,0,46.44,76.65,26.0
S0790,20,40.6,1.8,49.9,29.0,4.0,0,0,At Risk,False,False,0,33.28,45.25,2.105
S0791,18,66.7,3.6,100.0,58.5,5.43,0,0,Good,True,False,2,63.15,83.35,1.468
S0792,22,56.7,4.6,80.8,69.4,5.9,1,0,Good,False,False,2,62.29,68.75,1.255
S0793,23,67.4,3.9,95.7,51.8,4.86,0,0,Good,False,False,2,60.62,81.55,1.215
S0794,21,72.8,6.4,89.0,65.1,4.67,1,1,Good,False,False,2,69.45,80.9,0.718
S0795,18,68.2,0.1,92.3,41.4,4.7,1,0,Average,True,False,1,50.17,80.25,23.5
S0796,22,96.8,4.3,77.8,56.2,5.34,1,1,Excellent,False,False,3,66.6,87.3,1.214
S0797,22,79.9,0.4,59.3,30.6,4.43,1,0,At Risk,True,False,0,43.21,69.6,8.86
S0798,23,79.5,5.5,100.0,54.7,5.36,1,0,Good,False,False,2,68.19,89.75,0.957
S0799,20,84.3,3.8,80.9,45.6,4.61,0,0,Average,True,False,1,59.55,82.6,1.182
S0800,22,57.9,4.8,87.9,65.4,5.23,1,0,Good,False,False,2,62.95,72.9,1.067
S0801,22,90.6,2.3,98.1,53.2,5.25,1,0,Good,False,True,2,64.72,94.35,2.188
S0802,22,73.9,6.6,72.7,59.2,6.14,0,0,Excellent,True,False,3,64.74,73.3,0.916
S0803,22,85.1,6.1,96.1,70.9,5.34,0,0,Excellent,False,True,3,75.48,90.6,0.861
S0804,19,58.9,5.2,76.6,44.3,4.73,1,0,Average,True,False,1,54.22,67.75,0.892
S0805,19,51.7,3.7,80.4,40.5,4.62,1,0,At Risk,False,False,0,49.35,66.05,1.216
S0806,20,87.3,5.2,86.5,62.3,5.16,1,0,Excellent,False,False,3,69.6,86.9,0.974
S0807,18,80.6,2.6,57.7,60.2,5.14,0,1,Good,False,False,2,57.09,69.15,1.904
S0808,22,61.5,5.7,74.7,59.6,5.76,1,0,Good,False,False,2,60.68,68.1,0.993
S0809,23,62.0,7.3,100.0,62.5,4.84,0,0,Good,False,False,2,69.54,81.0,0.654
S0810,18,91.9,6.1,100.0,66.5,6.27,1,1,Excellent,True,False,3,76.42,95.95,1.011
S0811,23,57.2,2.5,79.1,47.9,4.16,1,1,At Risk,True,False,0,51.05,68.15,1.6
S0812,18,99.6,4.7,88.0,65.6,6.79,0,0,Excellent,False,False,3,73.29,93.8,1.415
S0813,20,61.5,1.4,73.4,34.4,5.93,1,0,Average,False,False,1,44.43,67.45,3.953
S0814,22,84.6,5.1,100.0,61.0,4.97,1,0,Excellent,False,False,3,71.0,92.3,0.956
S0815,22,70.1,4.9,81.8,47.1,5.25,1,0,Good,False,False,2,58.54,75.95,1.05
S0816,21,84.0,0.3,79.1,46.7,4.22,1,1,Average,True,False,1,53.66,81.55,10.55
S0817,23,66.8,1.7,95.6,41.3,5.31,1,1,Average,False,False,1,53.11,81.2,2.95
S0818,18,72.6,3.4,70.1,72.3,5.33,1,0,Good,True,False,2,63.14,71.35,1.523
S0819,18,75.6,,100.0,52.6,5.54,0,1,Good,False,False,2,,87.8,
S0820,19,60.0,1.6,55.2,31.6,4.0,0,0,At Risk,True,False,0,39.77,57.6,2.353
S0821,21,86.1,4.8,100.0,59.2,5.39,0,0,Excellent,True,False,3,70.24,93.05,1.1
S0822,19,67.3,4.5,78.4,57.8,4.64,1,1,Average,True,False,1,60.23,72.85,1.009
S0823,19,71.6,3.6,78.6,65.7,6.6,1,0,Excellent,True,False,3,62.61,75.1,1.784
S0824,19,60.1,2.5,51.6,40.8,4.0,0,1,At Risk,False,False,0,43.79,55.85,1.538
S0825,23,36.6,6.1,80.4,36.6,4.64,1,1,At Risk,True,False,0,48.21,58.5,0.748
S0826,23,72.1,7.3,74.0,70.1,5.93,1,0,Excellent,True,False,3,69.53,73.05,0.801
S0827,20,100.0,,71.9,48.0,4.79,1,0,Good,True,False,2,,85.95,
S0828,20,86.8,2.8,78.5,51.0,5.18,0,0,Good,True,False,2,59.92,82.65,1.786
S0829,19,74.7,,99.4,55.3,4.71,1,0,Good,True,False,2,,87.05,
S0830,21,71.1,3.3,84.7,50.7,5.21,0,0,Good,True,False,2,57.96,77.9,1.532
S0831,18,75.3,3.7,87.0,59.2,6.78,0,0,Excellent,False,False,3,63.11,81.15,1.784
S0832,23,83.2,5.5,69.6,56.0,4.74,1,1,Good,False,False,2,63.49,76.4,0.846
S0833,21,57.3,0.2,62.2,35.6,5.07,0,0,At Risk,False,False,0,39.56,59.75,16.9
S0834,22,91.7,6.6,100.0,67.2,7.23,0,0,Excellent,True,False,3,77.44,95.85,1.079
S0835,23,85.7,4.1,72.2,59.2,4.9,1,0,Good,True,False,2,63.42,78.95,1.167
S0836,23,85.8,3.2,100.0,56.1,4.2,0,1,Good,False,False,2,66.42,92.9,1.273
S0837,20,81.6,3.8,79.0,59.4,5.81,1,0,Good,True,False,2,63.32,80.3,1.49
S0838,18,75.3,3.9,82.8,61.0,5.22,0,0,Good,True,False,2,63.24,79.05,1.305
S0839,18,85.1,0.5,92.1,50.2,6.51,0,1,Good,True,False,2,58.1,88.6,10.85
S0840,22,83.9,7.0,100.0,,6.22,0,0,Excellent,True,False,3,,91.95,0.876
S0841,22,69.7,4.1,81.5,40.6,4.0,0,0,Average,True,False,1,54.77,75.6,0.952
S0842,23,66.4,4.9,79.0,55.0,4.38,1,1,Average,True,False,1,59.82,72.7,0.876
S0843,19,76.5,5.9,86.0,64.5,6.74,1,0,Excellent,False,False,3,68.73,81.25,1.123
S0844,20,98.2,2.0,84.1,61.3,5.22,1,1,Excellent,False,False,3,66.16,91.15,2.486
S0845,20,56.4,4.9,98.2,46.1,4.8,1,0,Average,False,False,1,58.04,77.3,0.96
S0846,23,53.0,3.5,82.1,41.1,5.23,0,0,Average,False,False,1,49.89,67.55,1.453
S0847,21,77.5,5.7,95.7,55.8,4.96,1,1,Good,False,False,2,67.54,86.6,0.855
S0848,19,75.8,0.0,99.6,47.0,4.78,1,0,Average,False,False,1,55.32,87.7,47.8
S0849,23,77.6,3.8,88.3,63.0,5.77,1,1,Excellent,False,False,3,65.44,82.95,1.479
S0850,19,78.7,2.8,85.3,48.8,5.47,0,1,Good,True,False,2,58.48,82.0,1.886
S0851,19,71.7,4.9,62.0,63.5,6.28,1,1,Good,True,False,2,60.72,66.85,1.256
S0852,19,97.3,4.9,45.3,64.9,5.72,1,1,Excellent,True,False,3,64.27,71.3,1.144
S0853,23,51.0,2.6,86.0,42.1,4.58,0,0,At Risk,False,False,0,49.02,68.5,1.696
S0854,20,62.6,2.6,78.8,44.9,4.4,1,1,Average,False,False,1,51.46,70.7,1.63
S0855,20,73.5,3.8,74.9,59.4,4.38,0,0,Average,True,False,1,60.48,74.2,1.123
S0856,19,50.4,2.2,83.1,44.3,4.86,1,0,At Risk,False,False,0,48.39,66.75,2.113
S0857,21,72.4,5.7,85.5,77.0,8.13,1,1,Excellent,True,False,3,71.65,78.95,1.402
S0858,18,99.9,3.3,98.5,53.1,4.48,1,0,Good,False,False,2,68.76,99.2,1.318
S0859,23,75.3,0.0,76.3,46.7,4.18,1,0,At Risk,True,False,0,50.43,75.8,41.8
S0860,18,78.5,3.3,70.4,49.2,4.26,0,0,Average,True,False,1,56.42,74.45,1.253
S0861,21,56.1,1.9,93.7,35.6,4.72,1,0,At Risk,True,False,0,48.39,74.9,2.36
S0862,23,65.8,0.7,73.1,41.8,4.87,1,1,At Risk,True,False,0,46.87,69.45,6.088
S0863,19,69.4,1.5,85.9,46.4,4.66,0,0,Average,True,False,1,53.27,77.65,2.912
S0864,20,70.2,4.2,76.2,77.0,5.89,1,0,Excellent,True,False,3,66.74,73.2,1.37
S0865,18,94.2,6.7,78.7,66.9,6.09,1,1,Excellent,False,False,3,73.87,86.45,0.896
S0866,22,83.4,4.6,85.5,49.8,4.0,0,0,Average,False,False,1,63.05,84.45,0.851
S0867,22,58.3,2.8,80.8,48.1,5.0,0,0,Average,True,False,1,52.24,69.55,1.724
S0868,21,78.7,4.9,92.0,41.7,5.2,0,0,Good,False,False,2,60.84,85.35,1.04
S0869,19,82.5,3.1,77.2,53.3,4.2,1,0,Average,False,False,1,59.89,79.85,1.312
S0870,18,92.1,2.6,52.7,55.6,4.11,1,0,Average,True,False,1,57.36,72.4,1.522
S0871,19,98.7,1.7,71.9,,6.93,1,1,Excellent,True,False,3,,85.3,3.85
S0872,18,59.8,0.5,87.9,47.2,4.34,1,0,At Risk,True,False,0,49.88,73.85,7.233
S0873,21,62.8,3.2,76.9,44.4,5.57,1,1,Average,True,False,1,51.95,69.85,1.688
S0874,21,,4.3,79.9,48.5,4.79,1,1,Average,False,False,1,,,1.089
S0875,22,71.5,3.8,97.4,46.7,4.67,0,0,Average,True,False,1,60.03,84.45,1.197
S0876,19,82.0,3.2,70.7,,5.06,1,0,Average,False,False,1,,76.35,1.533
S0877,23,89.8,2.1,56.1,55.7,4.63,1,0,Average,False,False,1,56.66,72.95,2.105
S0878,22,73.9,5.2,83.0,47.6,4.96,1,0,Good,True,False,2,60.4,78.45,0.936
S0879,19,70.2,1.4,70.5,41.9,4.21,1,1,At Risk,False,False,0,48.65,70.35,2.807
S0880,22,77.3,5.6,71.7,52.0,4.06,0,0,Average,True,False,1,61.2,74.5,0.712
S0881,23,62.5,2.0,76.4,49.1,5.22,1,0,Average,False,False,1,51.42,69.45,2.486
S0882,20,100.0,2.5,87.4,71.9,6.1,0,0,Excellent,True,False,3,71.81,93.7,2.346
S0883,20,50.9,1.1,77.1,28.2,4.0,1,0,At Risk,False,False,0,39.85,64.0,3.333
S0884,20,77.8,3.0,85.6,37.5,4.0,0,0,Average,False,False,1,54.7,81.7,1.29
S0885,20,100.0,6.0,100.0,67.0,7.29,1,0,Excellent,True,False,3,78.45,100.0,1.195
S0886,18,75.1,5.0,79.9,57.7,6.16,0,0,Excellent,False,False,3,63.28,77.5,1.208
S0887,20,72.1,6.0,91.2,61.4,6.46,0,0,Excellent,False,False,3,67.76,81.65,1.059
S0888,23,69.6,5.0,77.4,52.3,4.89,0,0,Good,False,False,2,59.52,73.5,0.959
S0889,21,,1.8,65.9,45.5,4.0,0,1,At Risk,False,False,0,,,2.105
S0890,21,95.6,3.3,72.8,61.5,7.25,0,0,Excellent,False,False,3,65.48,84.2,2.132
S0891,18,41.8,2.4,72.6,48.1,4.84,1,0,At Risk,True,False,0,45.8,57.2,1.936
S0892,20,98.0,6.7,93.8,53.9,4.63,1,0,Excellent,True,False,3,73.29,95.9,0.681
S0893,20,53.6,1.6,100.0,37.9,4.61,0,0,At Risk,False,False,0,49.33,76.8,2.712
S0894,20,71.0,5.8,75.9,60.4,6.56,0,1,Excellent,True,False,3,63.74,73.45,1.112
S0895,22,68.6,5.8,80.4,50.6,5.02,1,0,Good,False,False,2,60.61,74.5,0.851
S0896,19,83.8,7.7,89.5,82.1,7.95,1,0,Excellent,False,False,3,80.42,86.65,1.019
S0897,22,51.0,3.2,87.3,39.8,5.25,1,1,Average,True,False,1,49.47,69.15,1.591
S0898,19,81.9,5.4,89.8,60.4,4.76,1,1,Good,True,False,2,68.57,85.85,0.865
S0899,20,100.0,8.6,100.0,80.2,6.27,0,0,Excellent,False,False,3,87.4,100.0,0.721
S0900,20,54.6,2.8,44.2,40.0,5.17,0,0,At Risk,True,False,0,41.16,49.4,1.783
S0901,22,77.8,0.9,41.0,31.3,4.0,0,1,At Risk,False,False,0,40.11,59.4,4.0
S0902,22,65.1,0.2,68.0,36.7,4.08,1,0,At Risk,True,False,0,43.05,66.55,13.6
S0903,19,81.4,5.4,100.0,68.9,4.99,1,1,Excellent,False,False,3,73.46,90.7,0.907
S0904,21,75.3,0.2,51.9,40.5,4.05,1,1,At Risk,True,False,0,43.71,63.6,13.5
S0905,19,65.4,,40.0,42.7,4.32,0,1,At Risk,False,False,0,,52.7,
S0906,22,82.3,4.9,,66.8,5.72,0,0,Excellent,True,False,3,,,1.144
S0907,23,100.0,4.4,87.5,60.6,5.19,0,1,Excellent,False,False,3,71.04,93.75,1.153
S0908,22,72.1,4.9,68.4,52.2,4.25,1,0,Average,True,False,1,58.14,70.25,0.85
S0909,23,85.8,4.4,69.0,60.1,7.44,0,1,Excellent,False,False,3,63.62,77.4,1.653
S0910,18,55.6,6.6,73.7,62.6,7.25,1,0,Excellent,False,False,3,61.55,64.65,1.082
S0911,22,60.7,2.1,80.9,63.6,4.89,0,0,Average,True,False,1,57.12,70.8,2.223
S0912,18,82.1,2.6,70.8,59.0,6.81,1,0,Excellent,True,False,3,59.67,76.45,2.522
S0913,21,97.3,2.5,87.4,66.0,,1,0,Excellent,True,False,3,69.07,92.35,
S0914,19,80.3,5.7,43.6,57.1,5.53,1,0,Good,False,False,2,58.28,61.95,0.953
S0915,23,70.3,5.8,73.7,50.3,4.97,1,1,Good,False,False,2,59.59,72.0,0.842
S0916,19,75.0,4.9,67.9,57.7,4.93,1,0,Good,False,False,2,60.69,71.45,0.986
S0917,18,56.2,6.4,84.0,56.9,6.2,1,1,Good,True,False,2,61.43,70.1,0.954
S0918,23,84.1,1.6,70.1,41.4,4.58,1,0,Average,True,False,1,52.2,77.1,2.694
S0919,19,88.2,7.3,100.0,67.0,5.64,1,0,Excellent,False,False,3,77.67,94.1,0.762
S0920,22,68.2,7.0,61.1,64.7,4.84,1,0,Good,True,False,2,63.58,64.65,0.682
S0921,20,67.9,5.5,86.7,59.8,4.87,1,0,Good,False,True,2,64.41,77.3,0.87
S0922,18,79.0,7.6,98.6,70.5,4.92,1,1,Excellent,True,False,3,76.81,88.8,0.639
S0923,19,68.4,0.7,100.0,44.9,4.7,1,0,Average,False,False,1,53.98,84.2,5.875
S0924,18,74.0,,73.8,47.1,4.0,0,0,Average,True,False,1,,73.9,
S0925,18,100.0,2.5,84.9,53.4,4.99,0,0,Good,True,False,2,64.84,92.45,1.919
S0926,23,71.3,5.4,58.7,48.0,5.98,1,1,Good,False,False,2,55.36,65.0,1.087
S0927,23,69.6,1.9,42.9,60.9,6.61,1,0,Good,False,False,2,50.46,56.25,3.305
S0928,20,65.3,5.5,98.7,56.2,5.35,1,0,Good,False,True,2,64.9,82.0,0.955
S0929,22,86.2,6.7,88.3,64.2,5.78,1,0,Excellent,True,False,3,72.85,87.25,0.85
S0930,18,72.3,5.4,100.0,50.5,6.53,1,0,Excellent,True,False,3,64.75,86.15,1.187
S0931,19,65.3,4.6,63.6,76.9,7.03,1,0,Excellent,False,False,3,63.63,64.45,1.496
S0932,21,94.8,2.0,86.8,45.9,4.49,0,1,Good,False,False,2,60.46,90.8,2.138
S0933,18,96.3,2.3,100.0,52.4,4.0,1,0,Good,True,False,2,66.25,98.15,1.667
S0934,18,66.0,6.5,94.3,62.6,6.07,1,0,Excellent,True,False,3,68.1,80.15,0.92
S0935,20,47.0,5.6,90.3,55.7,6.01,0,0,Good,True,False,2,58.64,68.65,1.054
S0936,22,90.1,3.9,82.9,66.4,,1,0,Excellent,False,False,3,68.84,86.5,
S0937,21,64.7,3.2,57.8,63.5,6.04,1,0,Good,True,False,2,55.29,61.25,1.83
S0938,23,86.9,0.0,95.3,50.1,4.72,0,1,Average,True,False,1,58.32,91.1,47.2
S0939,23,45.4,1.9,69.6,30.9,4.0,0,1,At Risk,True,False,0,39.25,57.5,2.0
S0940,19,88.4,7.8,,67.9,4.08,1,1,Excellent,True,False,3,,,0.516
S0941,21,56.8,1.4,54.4,43.7,4.44,0,1,At Risk,True,False,0,42.71,55.6,2.96
S0942,23,86.0,4.4,66.1,75.5,7.31,0,0,Excellent,True,False,3,68.48,76.05,1.624
S0943,19,75.2,6.0,100.0,49.4,4.46,0,0,Good,True,False,2,66.09,87.6,0.731
S0944,22,60.7,1.5,72.8,52.3,5.18,1,0,Average,False,False,1,50.54,66.75,3.238
S0945,19,68.9,4.4,100.0,55.3,4.71,1,0,Good,True,False,2,63.91,84.45,1.047
S0946,23,85.3,5.9,85.6,70.0,,1,0,Excellent,False,False,3,72.78,85.45,
S0947,20,76.6,4.0,55.4,54.2,5.08,0,0,Average,False,False,1,55.87,66.0,1.239
S0948,20,83.8,9.7,100.0,67.5,5.3,1,0,Excellent,False,False,3,80.74,91.9,0.541
S0949,20,100.0,0.7,67.6,58.1,6.55,0,1,Excellent,False,False,3,60.02,83.8,8.188
S0950,23,51.5,6.1,97.7,59.0,6.28,0,1,Good,True,False,2,63.23,74.6,1.013
S0951,20,99.3,3.7,82.8,68.7,5.64,1,1,Excellent,True,False,3,71.6,91.05,1.484
S0952,21,76.6,5.5,62.9,59.4,5.96,0,0,Good,False,False,2,61.69,69.75,1.064
S0953,22,61.5,4.9,87.3,48.4,5.33,1,0,Average,False,True,1,57.94,74.4,1.066
S0954,19,55.0,2.5,100.0,31.5,,1,0,At Risk,False,False,0,48.94,77.5,
S0955,19,72.2,4.5,91.4,61.7,4.35,0,0,Good,False,False,2,65.42,81.8,0.946
S0956,23,88.8,0.3,74.7,50.9,5.86,1,0,Good,False,False,2,55.46,81.75,14.65
S0957,20,73.1,5.2,100.0,49.8,4.53,1,0,Good,True,False,2,64.37,86.55,0.855
S0958,20,97.7,4.6,87.4,58.8,5.24,1,0,Excellent,True,False,3,70.15,92.55,1.115
S0959,18,53.2,5.3,88.7,48.1,7.0,0,0,Good,False,False,2,56.71,70.95,1.296
S0960,22,74.8,6.1,70.8,48.9,5.18,1,0,Good,False,False,2,60.14,72.8,0.835
S0961,21,56.2,4.7,87.9,44.4,4.35,0,0,Average,True,False,1,55.0,72.05,0.906
S0962,19,80.5,4.3,99.1,48.0,4.0,1,0,Average,False,False,1,63.91,89.8,0.909
S0963,18,88.3,2.2,66.9,49.8,6.1,0,0,Good,True,False,2,56.55,77.6,2.652
S0964,18,68.7,2.6,100.0,42.5,4.0,1,0,Average,False,False,1,56.38,84.35,1.481
S0965,23,35.9,6.4,86.4,37.0,4.0,0,0,At Risk,True,False,0,49.87,61.15,0.615
S0966,19,78.0,6.9,,80.3,6.55,0,0,Excellent,True,False,3,,,0.936
S0967,23,81.6,3.5,97.0,65.0,7.03,1,1,Excellent,False,False,3,68.38,89.3,1.953
S0968,21,81.1,4.1,78.9,50.4,5.64,1,1,Good,True,False,2,60.53,80.0,1.343
S0969,18,93.5,2.2,90.8,56.8,5.28,1,0,Good,False,False,2,65.08,92.15,2.296
S0970,18,58.9,6.3,83.2,59.9,5.84,1,0,Good,False,False,2,62.83,71.05,0.913
S0971,22,85.2,5.3,84.7,71.0,5.78,0,0,Excellent,False,False,3,71.92,84.95,1.07
S0972,21,92.9,7.9,98.2,65.0,6.01,1,0,Excellent,True,False,3,78.78,95.55,0.751
S0973,18,48.3,2.2,83.8,49.8,5.05,1,0,Average,True,False,1,49.93,66.05,2.196
S0974,21,79.8,3.2,51.5,49.2,5.73,0,0,Good,True,False,2,52.8,65.65,1.736
S0975,19,67.4,4.5,67.2,43.0,5.35,1,0,Average,False,True,1,52.84,67.3,1.163
S0976,20,73.8,5.3,99.5,63.8,6.22,1,0,Excellent,False,False,3,69.51,86.65,1.152
S0977,18,80.2,3.6,80.2,65.2,5.62,1,1,Excellent,False,False,3,64.91,80.2,1.519
S0978,22,67.7,2.3,71.7,67.9,6.67,1,0,Good,False,False,2,58.86,69.7,2.779
S0979,19,64.9,5.8,66.2,47.3,4.76,1,1,Average,False,False,1,55.69,65.55,0.807
S0980,21,75.5,5.4,69.6,64.4,5.0,0,0,Good,False,False,2,64.34,72.55,0.909
S0981,23,58.7,2.2,49.1,40.9,4.13,0,0,At Risk,True,False,0,42.48,53.9,1.796
S0982,19,58.7,6.7,86.9,64.0,5.91,1,1,Good,False,False,2,65.62,72.8,0.869
S0983,18,85.2,6.3,78.6,52.7,5.89,0,1,Excellent,True,False,3,65.96,81.9,0.92
S0984,21,57.8,4.3,69.1,40.1,4.26,0,0,At Risk,False,False,0,49.47,63.45,0.968
S0985,20,85.0,4.2,82.4,51.9,4.15,1,0,Good,False,False,2,62.9,83.7,0.965
S0986,19,81.9,5.1,90.7,60.5,5.68,1,0,Excellent,False,False,3,68.29,86.3,1.092
S0987,18,49.1,2.3,100.0,36.5,4.28,0,0,At Risk,True,False,0,48.88,74.55,1.783
S0988,22,64.8,4.1,60.5,,5.57,1,1,Good,True,False,2,,62.65,1.326
S0989,23,92.9,0.0,92.4,56.1,6.1,1,1,Excellent,True,False,3,61.34,92.65,61.0
S0990,21,60.3,5.8,100.0,,6.43,0,0,Excellent,True,False,3,,80.15,1.09
S0991,19,68.0,0.9,65.1,56.1,4.89,1,0,Average,True,False,1,51.16,66.55,4.89
S0992,19,81.9,7.0,92.0,68.9,5.64,1,0,Excellent,False,False,3,74.66,86.95,0.794
S0993,20,86.8,3.3,74.7,,4.0,1,0,Average,False,False,1,,80.75,1.176
S0994,20,71.2,3.6,85.0,63.1,6.35,1,1,Excellent,True,False,3,62.89,78.1,1.716
S0995,22,66.0,2.7,100.0,43.1,5.75,0,1,Good,True,False,2,56.08,83.0,2.054
S0996,23,96.3,3.4,90.9,66.4,,1,0,Excellent,True,False,3,71.16,93.6,
S0997,22,100.0,6.8,96.2,83.0,6.79,0,0,Excellent,False,False,3,84.62,98.1,0.984
S0998,18,89.7,,68.5,50.6,6.21,1,0,Good,True,False,2,,79.1,
S0999,18,76.3,6.6,65.9,50.7,5.45,1,0,Good,False,False,2,61.0,71.1,0.813
S1000,22,62.9,4.7,81.3,45.6,5.08,1,1,Average,True,False,1,55.78,72.1,1.058
