student_id,age,gender,attendance_percentage,study_hours_per_day,assignment_completion_rate,internal_marks,previous_cgpa,extracurricular_activities,part_time_job,performance_category
S0001,21,Male,76.2,2.3,61.5,59.4,6.62,1,0,Good
S0002,22,Male,73.5,5.0,68.9,44.8,4.55,0,0,Average
S0003,20,Male,88.8,4.8,100.0,52.6,5.22,0,0,Excellent
S0004,22,Male,70.6,6.8,74.4,62.6,6.36,0,0,Excellent
S0005,22,Male,79.0,5.3,68.3,51.7,5.66,0,0,Good
S0006,19,Male,79.8,1.0,94.1,40.6,4.66,0,0,Average
S0007,20,Male,65.0,6.1,92.3,54.4,5.1,0,0,Good
S0008,20,Female,89.9,2.0,64.9,42.0,4.27,1,1,Average
S0009,20,Male,72.4,3.2,84.6,43.5,5.3,1,0,Average
S0010,22,Female,63.7,4.5,68.6,58.2,5.93,0,1,Good
S0011,21,Male,83.0,8.0,100.0,58.4,5.3,1,1,Excellent
S0012,20,Other,61.5,10.2,100.0,56.3,6.24,1,0,Excellent
S0013,23,Male,75.4,5.2,93.4,53.2,5.09,0,1,Good
S0014,22,Male,74.9,3.6,87.6,59.1,4.86,1,0,Good
S0015,19,Female,91.3,5.1,100.0,61.1,5.06,1,0,Excellent
S0016,21,Female,82.1,5.8,86.6,58.3,4.72,0,0,Good
S0017,23,Female,74.6,3.4,64.1,52.9,4.96,1,0,Average
S0018,23,Male,87.3,7.6,96.9,55.0,6.29,0,0,Excellent
S0019,19,Male,95.9,4.5,100.0,66.2,5.33,1,0,Excellent
S0020,21,Female,83.4,5.0,69.8,63.1,5.94,0,0,Excellent
S0021,22,Female,75.2,5.3,80.2,55.2,4.79,1,0,Good
S0022,18,Female,55.3,4.8,90.8,59.0,5.33,1,0,Good
S0023,21,Female,59.0,5.7,85.6,45.8,4.0,1,0,Average
S0024,19,Male,70.4,2.8,65.9,58.5,5.33,0,0,Good
S0025,23,Female,65.9,2.9,97.6,49.7,4.83,1,0,Average
S0026,22,Male,72.2,1.8,100.0,44.4,5.1,1,0,Average
S0027,21,Male,75.8,4.9,87.7,57.3,5.62,1,0,Good
S0028,18,Male,82.9,5.6,72.6,60.8,4.69,1,1,Good
S0029,18,Male,73.9,4.9,61.6,66.6,6.86,1,0,Excellent
S0030,20,Male,82.3,7.3,93.5,58.0,5.65,1,0,Excellent
S0031,20,Male,76.0,4.0,99.6,48.7,5.08,1,0,Good
S0032,19,Female,45.4,5.3,92.7,57.8,5.46,1,1,Good
S0033,21,Male,60.9,1.8,78.6,38.9,4.0,1,0,At Risk
S0034,21,Female,72.8,3.2,72.6,58.6,5.69,1,0,Good
S0035,23,Male,56.9,5.4,69.4,66.9,6.39,0,0,Good
S0036,23,Male,84.0,5.7,98.9,59.1,4.15,1,0,Good
S0037,23,Female,98.0,3.4,95.5,65.1,5.47,1,0,Excellent
S0038,20,Male,93.3,3.9,59.6,50.5,4.83,0,0,Good
S0039,21,Male,71.8,1.0,100.0,50.6,5.24,1,1,Good
S0040,21,Male,97.4,3.3,90.2,60.7,6.6,1,0,Excellent
S0041,18,Male,77.2,5.8,100.0,64.3,5.24,0,0,Excellent
S0042,20,Other,69.9,5.2,65.3,51.4,4.69,1,1,Average
S0043,22,Male,65.8,5.0,64.5,41.5,4.08,0,0,At Risk
S0044,20,Female,70.5,4.1,81.0,57.5,4.81,0,1,Good
S0045,22,Male,69.2,4.0,90.5,36.3,4.0,1,0,Average
S0046,18,Female,77.6,2.7,100.0,48.8,5.54,0,1,Good
S0047,19,Female,77.4,5.4,96.4,66.9,5.17,0,0,Excellent
S0048,21,Female,75.0,4.8,81.0,58.4,5.85,1,1,Good
S0049,18,Male,81.6,5.0,69.6,75.1,5.14,0,1,Excellent
S0050,21,Male,92.9,2.9,99.3,64.8,5.44,1,0,Excellent
S0051,23,Male,89.2,0.0,60.5,41.5,4.23,1,0,Average
S0052,19,Female,52.7,6.2,100.0,54.6,6.62,0,0,Good
S0053,19,Female,36.7,3.0,76.7,39.6,4.16,0,1,At Risk
S0054,18,Female,89.0,2.3,100.0,40.9,4.0,1,0,Average
S0055,19,Male,54.5,5.4,96.0,45.0,4.0,1,0,Average
S0056,22,Female,71.6,3.2,79.3,46.6,4.82,0,0,Average
S0057,19,Female,57.4,6.1,79.4,39.2,4.84,1,0,Average
S0058,21,Male,48.0,5.2,80.3,50.4,5.32,0,0,Average
S0059,21,Male,83.1,5.4,92.2,59.1,5.68,1,1,Excellent
S0060,21,Female,86.4,1.3,78.8,36.4,5.11,0,0,Average
S0061,21,Female,66.4,6.4,78.9,62.4,5.31,0,1,Good
S0062,22,Female,36.1,4.5,81.5,50.1,5.72,0,0,Average
S0063,20,Male,66.8,3.3,82.8,51.8,4.0,1,0,Average
S0064,23,Female,80.9,4.3,51.7,54.6,4.55,1,0,Average
S0065,18,Male,52.8,0.4,82.7,41.8,4.0,1,0,At Risk
S0066,21,Male,77.8,4.8,69.9,63.2,5.57,0,1,Good
S0067,19,Male,74.8,1.9,61.5,50.6,5.0,0,1,Average
S0068,21,Female,83.7,1.3,52.3,42.4,4.64,0,0,Average
S0069,19,Female,76.8,1.0,50.1,48.3,4.95,1,0,Average
S0070,23,Female,60.4,6.2,67.1,66.3,5.24,1,0,Good
S0071,23,Male,92.9,2.7,69.8,51.2,4.92,1,1,Good
S0072,23,Female,72.6,7.1,100.0,79.9,5.6,0,1,Excellent
S0073,19,Male,74.6,2.9,72.9,46.9,5.9,1,1,Good
S0074,21,Female,61.0,0.6,78.9,40.4,4.18,0,0,At Risk
S0075,23,Male,68.4,1.8,84.6,40.5,4.04,1,0,At Risk
S0076,22,Male,61.7,6.5,90.0,59.8,6.86,0,0,Excellent
S0077,19,Male,72.4,3.7,81.2,38.9,4.0,1,0,Average
S0078,19,Male,100.0,2.9,62.9,54.3,4.36,0,0,Good
S0079,21,Female,54.4,4.3,100.0,40.5,4.0,1,0,At Risk
S0080,19,Male,50.8,5.0,100.0,51.3,5.02,1,0,Average
S0081,19,Male,97.1,6.2,62.2,75.7,6.89,1,1,Excellent
S0082,23,Female,71.9,6.9,73.4,67.4,6.64,1,1,Excellent
S0083,21,Male,65.0,3.3,77.4,30.4,5.88,1,0,Average
S0084,23,Female,90.6,1.3,63.1,67.4,4.24,1,0,Good
S0085,23,Female,65.9,3.2,89.0,51.7,5.59,1,0,Good
S0086,21,Female,100.0,4.5,73.1,57.3,4.99,0,1,Good
S0087,18,Male,85.2,2.1,100.0,53.1,4.72,1,1,Good
S0088,23,Female,67.7,2.1,97.1,48.0,4.38,1,1,Average
S0089,22,Female,100.0,4.7,87.6,58.8,4.8,0,1,Excellent
S0090,22,Male,65.9,3.9,98.2,53.1,6.53,1,0,Good
S0091,19,Male,86.1,4.1,99.8,53.3,5.87,0,0,Excellent
S0092,22,Female,79.5,2.5,71.5,48.1,4.9,0,0,Average
S0093,19,Female,94.5,3.5,69.8,53.4,6.28,0,0,Excellent
S0094,18,Female,98.4,2.2,80.6,44.7,4.0,0,1,Average
S0095,21,Female,75.5,5.8,99.5,61.2,4.61,1,0,Good
S0096,21,Female,63.7,6.1,89.3,62.1,4.0,1,0,Good
S0097,21,Male,81.9,0.3,51.9,49.6,4.42,1,0,Average
S0098,22,Male,64.8,2.1,67.2,52.3,5.27,1,1,Average
S0099,18,Male,100.0,1.0,75.9,55.6,5.42,0,0,Good
S0100,22,Female,77.0,2.7,79.3,46.9,4.93,1,0,Average
S0101,22,Male,69.5,3.8,100.0,59.0,4.41,1,0,Good
S0102,18,Female,77.8,1.1,56.4,35.8,4.79,1,0,At Risk
S0103,18,Female,54.8,2.2,87.0,35.8,4.34,1,0,At Risk
S0104,18,Female,60.4,2.0,100.0,36.4,4.77,1,1,Average
S0105,18,Male,93.0,4.4,100.0,69.7,4.67,1,0,Excellent
S0106,21,Female,65.1,4.1,77.1,59.4,5.81,1,1,Good
S0107,20,Male,59.3,2.6,87.6,49.5,4.02,0,0,Average
S0108,20,Female,83.0,4.4,92.3,66.7,5.68,0,0,Excellent
S0109,18,Male,92.8,2.9,83.7,49.5,5.4,1,1,Good
S0110,20,Male,85.8,3.5,80.5,59.0,5.61,1,0,Good
S0111,20,Female,89.9,7.3,96.1,67.9,5.39,1,0,Excellent
S0112,18,Male,63.6,6.7,50.4,66.0,5.97,1,1,Good
S0113,20,Male,53.7,1.4,88.0,39.4,4.0,0,0,At Risk
S0114,22,Female,97.5,5.7,88.3,63.3,6.72,0,1,Excellent
S0115,19,Female,70.2,5.6,82.9,62.2,5.57,1,0,Good
S0116,19,Female,71.2,1.7,100.0,53.5,6.1,1,0,Good
S0117,18,Female,94.9,5.6,76.1,59.9,5.17,0,0,Excellent
S0118,21,Female,83.3,7.1,83.2,65.8,5.53,1,1,Excellent
S0119,18,Male,81.8,1.8,100.0,41.5,4.0,1,0,Average
S0120,21,Male,100.0,2.2,66.9,36.6,4.9,1,1,Average
S0121,19,Male,65.3,6.0,78.7,59.2,4.98,1,1,Good
S0122,18,Female,88.9,4.5,81.8,65.0,6.42,0,0,Excellent
S0123,23,Female,75.9,5.1,97.8,60.2,5.31,1,0,Good
S0124,22,Male,79.0,4.7,87.5,42.2,4.0,1,0,Average
S0125,20,Male,97.9,4.8,65.2,61.0,5.2,1,0,Excellent
S0126,21,Female,82.6,1.3,69.6,30.9,4.0,0,0,At Risk
S0127,23,Male,83.1,6.1,78.1,74.2,6.48,1,0,Excellent
S0128,20,Female,91.1,6.3,86.4,57.5,4.5,0,1,Good
S0129,20,Male,69.5,3.5,88.4,61.4,6.42,0,1,Excellent
S0130,18,Female,62.4,3.9,89.1,58.0,5.41,1,1,Good
S0131,20,Male,59.3,0.9,50.2,33.3,4.0,0,1,At Risk
S0132,22,Female,45.5,5.0,100.0,39.6,4.9,1,0,Average
S0133,23,Female,100.0,5.1,89.0,68.1,6.86,0,0,Excellent
S0134,20,Female,58.5,3.9,100.0,42.5,4.53,1,1,Average
S0135,18,Female,71.7,6.2,94.1,60.9,5.04,0,0,Good
S0136,22,Female,70.8,3.3,98.1,47.3,4.0,0,1,Average
S0137,19,Female,79.6,5.1,92.2,44.9,4.15,0,0,Average
S0138,23,Male,87.2,2.0,99.2,34.3,4.0,1,0,Average
S0139,20,Female,87.9,4.0,90.8,60.2,5.7,1,1,Excellent
S0140,18,Female,66.3,3.7,80.9,46.5,4.51,0,1,Average
S0141,19,Male,72.5,4.5,100.0,50.8,5.6,1,0,Good
S0142,19,Female,79.2,3.3,94.9,59.2,5.06,1,1,Good
S0143,21,Female,71.3,3.7,91.0,61.9,5.67,1,0,Good
S0144,22,Female,99.1,5.7,67.3,64.6,6.82,0,0,Excellent
S0145,20,Male,82.4,3.1,61.9,51.3,5.35,1,1,Good
S0146,18,Male,86.0,0.8,81.0,52.2,5.08,0,0,Good
S0147,21,Other,84.9,7.5,92.2,57.1,4.94,0,0,Excellent
S0148,22,Female,92.6,6.8,79.4,70.0,5.69,1,0,Excellent
S0149,21,Male,77.7,1.4,79.9,51.9,4.43,1,0,Average
S0150,23,Female,55.5,5.4,100.0,58.3,5.07,0,0,Good
S0151,22,Female,81.0,3.0,91.4,37.8,4.87,0,0,Average
S0152,22,Male,65.2,4.5,66.9,47.0,4.64,1,0,Average
S0153,20,Female,67.1,4.6,82.5,46.9,4.0,1,1,Average
S0154,22,Male,83.8,3.5,69.9,56.4,6.8,0,0,Excellent
S0155,21,Male,93.6,2.4,74.0,59.1,5.8,1,1,Excellent
S0156,22,Male,75.3,2.6,74.0,62.4,4.62,0,0,Good
S0157,20,Female,79.6,2.2,72.2,46.5,4.44,0,0,Average
S0158,20,Male,100.0,2.3,60.8,52.9,5.26,1,0,Good
S0159,23,Male,78.6,3.9,80.9,64.5,7.23,0,0,Excellent
S0160,21,Male,100.0,2.6,71.8,60.2,4.73,0,0,Good
S0161,19,Female,83.5,5.4,41.9,71.4,7.06,1,0,Excellent
S0162,19,Female,48.6,7.0,100.0,57.9,6.59,1,0,Excellent
S0163,22,Male,86.3,2.8,96.9,45.0,4.2,0,0,Average
S0164,23,Male,80.7,4.5,78.4,47.0,4.6,1,0,Average
S0165,18,Female,94.3,5.0,85.3,50.9,4.22,1,0,Good
S0166,22,Male,85.1,4.9,67.2,65.5,5.77,0,0,Excellent
S0167,23,Male,72.9,4.2,100.0,64.0,5.81,1,1,Excellent
S0168,21,Male,56.6,5.5,100.0,68.3,6.63,0,0,Excellent
S0169,21,Male,71.9,5.0,87.4,63.3,6.67,1,0,Excellent
S0170,21,Male,62.2,1.5,93.4,52.5,4.55,1,0,Average
S0171,21,Male,66.3,5.7,89.0,52.3,4.0,1,1,Average
S0172,21,Male,83.8,5.8,66.5,53.3,5.18,0,0,Good
S0173,23,Female,100.0,2.5,73.8,64.3,6.09,1,1,Excellent
S0174,23,Male,80.9,4.1,85.2,59.9,5.79,1,0,Excellent
S0175,20,Female,57.1,5.4,79.0,54.2,4.99,0,1,Average
S0176,19,Female,81.7,3.6,78.9,58.4,5.6,0,1,Good
S0177,21,Male,92.9,6.1,85.8,68.8,7.34,0,1,Excellent
S0178,18,Female,65.9,8.7,91.2,76.1,6.87,1,0,Excellent
S0179,23,Male,73.0,2.4,80.6,59.5,5.27,1,0,Good
S0180,18,Female,75.2,1.2,61.5,50.5,4.63,0,0,Average
S0181,18,Male,63.2,4.6,73.4,59.5,5.43,1,0,Good
S0182,18,Male,84.7,5.4,66.5,65.7,7.25,1,1,Excellent
S0183,20,Male,73.2,3.5,96.7,48.8,4.78,1,0,Good
S0184,23,Other,81.3,6.9,57.2,71.1,6.25,0,0,Excellent
S0185,18,Male,61.7,1.3,94.9,31.3,4.0,1,0,At Risk
S0186,21,Female,68.4,5.4,100.0,65.2,6.79,0,0,Excellent
S0187,22,Male,85.8,2.8,76.1,44.6,6.24,0,0,Good
S0188,18,Female,69.4,7.4,50.8,65.3,6.28,1,1,Excellent
S0189,20,Male,100.0,8.0,85.6,67.2,6.1,0,0,Excellent
S0190,23,Female,69.0,2.5,79.0,52.6,5.19,0,0,Average
S0191,20,Male,78.4,2.9,65.6,51.9,4.0,0,0,Average
S0192,18,Male,89.0,5.7,78.7,51.0,5.66,0,0,Good
S0193,23,Male,53.7,3.2,100.0,49.1,5.05,0,0,Average
S0194,22,Male,48.6,3.9,92.8,41.7,4.84,1,0,Average
S0195,18,Female,52.1,4.1,69.3,55.0,4.73,0,1,Average
S0196,20,Male,93.9,0.2,51.4,48.8,4.62,0,1,Average
S0197,19,Female,66.7,4.0,78.1,55.2,4.98,0,1,Average
S0198,21,Male,100.0,2.6,77.0,50.1,5.82,1,0,Good
S0199,20,Female,66.5,3.0,88.4,44.2,4.35,1,1,Average
S0200,23,Male,77.8,6.9,80.8,60.4,7.29,0,1,Excellent
S0201,18,Male,98.1,1.5,85.7,60.8,5.99,1,1,Excellent
S0202,21,Female,100.0,5.6,100.0,80.2,5.79,0,0,Excellent
S0203,18,Male,100.0,3.4,94.0,53.8,5.13,0,1,Excellent
S0204,23,Male,93.1,3.4,81.1,66.7,5.48,0,1,Excellent
S0205,18,Female,90.4,5.6,83.5,46.6,4.0,0,1,Good
S0206,19,Female,83.9,4.7,79.0,49.7,6.26,0,0,Good
S0207,21,Male,86.7,5.1,100.0,53.6,5.78,1,1,Excellent
S0208,21,Male,66.7,5.9,77.4,46.9,5.24,0,1,Good
S0209,23,Female,62.7,3.3,82.3,36.0,4.29,1,0,At Risk
S0210,19,Male,74.9,2.8,81.4,54.2,4.15,0,0,Average
S0211,20,Male,72.4,1.8,71.1,45.4,4.34,0,1,Average
S0212,18,Male,68.2,2.3,59.0,50.4,5.7,1,0,Average
S0213,22,Female,85.4,9.9,99.6,80.8,6.01,1,0,Excellent
S0214,18,Female,89.3,6.5,87.1,68.4,4.08,0,0,Excellent
S0215,18,Male,76.3,1.3,85.1,52.1,4.94,1,1,Average
S0216,20,Male,97.2,1.4,69.8,52.8,5.05,0,0,Good
S0217,18,Male,57.9,5.0,100.0,42.9,4.68,0,0,Average
S0218,19,Female,72.1,5.1,72.0,65.4,6.51,0,0,Excellent
S0219,19,Male,64.2,5.1,100.0,49.8,5.5,0,1,Good
S0220,21,Male,47.0,3.5,55.8,37.1,4.43,0,0,At Risk
S0221,23,Female,73.8,3.7,88.9,51.8,6.06,0,1,Good
S0222,22,Male,73.2,4.7,91.5,48.8,4.0,1,1,Average
S0223,18,Female,97.7,4.2,71.5,58.6,5.92,0,0,Excellent
S0224,18,Male,84.5,0.0,81.4,48.1,5.39,1,0,Average
S0225,20,Male,59.6,3.5,100.0,51.2,4.08,0,0,Average
S0226,23,Male,100.0,2.3,46.3,49.7,4.0,1,0,Average
S0227,19,Female,93.3,4.4,91.3,57.3,4.84,1,0,Good
S0228,22,Female,83.7,10.0,57.6,83.7,6.49,0,1,Excellent
S0229,21,Female,71.6,4.7,69.9,59.6,6.18,0,1,Good
S0230,19,Male,60.6,3.4,100.0,65.0,5.41,1,0,Good
S0231,23,Female,69.4,5.8,77.9,67.7,5.38,1,0,Good
S0232,21,Male,91.3,5.0,67.4,71.5,5.8,0,0,Excellent
S0233,20,Male,100.0,4.8,81.6,53.3,6.09,0,0,Excellent
S0234,20,Female,98.1,5.2,100.0,71.1,6.28,1,0,Excellent
S0235,18,Male,67.7,8.1,63.7,64.2,5.71,0,1,Good
S0236,23,Male,58.2,1.7,62.6,38.2,4.2,1,1,At Risk
S0237,22,Male,77.1,4.9,100.0,59.2,6.59,0,0,Excellent
S0238,21,Male,48.5,2.1,100.0,48.4,4.3,0,1,At Risk
S0239,19,Male,79.8,5.1,83.6,63.2,6.84,1,0,Excellent
S0240,23,Female,72.8,2.2,60.8,41.4,4.65,1,1,Average
S0241,23,Male,68.0,3.2,100.0,55.9,5.23,0,0,Good
S0242,20,Female,51.1,3.4,100.0,40.4,6.42,1,0,Average
S0243,18,Female,82.7,6.0,97.2,64.5,5.03,1,1,Excellent
S0244,18,Male,67.0,5.8,74.4,55.1,5.02,1,0,Good
S0245,21,Male,57.5,1.5,77.3,40.0,4.0,0,1,At Risk
S0246,20,Male,31.9,4.1,80.8,48.0,5.64,1,0,Average
S0247,23,Female,74.6,2.6,85.2,41.9,5.87,1,0,Good
S0248,22,Male,100.0,1.5,99.8,70.1,7.54,1,0,Excellent
S0249,20,Female,99.9,3.6,95.4,46.2,5.75,1,0,Excellent
S0250,21,Male,68.1,3.4,65.6,45.8,4.59,0,0,Average
S0251,21,Female,66.0,8.9,100.0,69.5,5.88,1,0,Excellent
S0252,20,Male,82.0,4.9,89.5,64.0,4.5,1,0,Good
S0253,21,Male,60.0,1.2,87.7,40.8,6.08,0,0,Average
S0254,20,Female,79.5,2.9,100.0,52.1,5.5,1,1,Good
S0255,19,Female,86.5,6.0,70.3,67.2,5.64,0,0,Excellent
S0256,20,Male,93.4,8.2,90.9,70.8,7.31,1,1,Excellent
S0257,20,Female,73.5,0.8,68.6,55.6,4.56,0,0,Average
S0258,21,Male,71.9,0.2,51.9,48.9,5.26,1,0,Average
S0259,21,Female,61.8,7.7,95.6,68.6,5.98,1,0,Excellent
S0260,18,Female,62.6,4.8,100.0,45.5,5.24,1,0,Good
S0261,18,Male,71.6,2.3,52.0,47.7,4.81,1,0,Average
S0262,19,Male,80.5,5.1,84.7,57.0,4.26,1,0,Good
S0263,18,Male,88.7,0.0,84.6,38.6,4.38,0,0,Average
S0264,20,Female,63.0,4.0,84.8,53.8,6.07,1,0,Good
S0265,21,Female,97.4,4.7,82.7,59.0,5.52,1,1,Excellent
S0266,18,Male,70.9,5.8,67.1,63.9,6.45,1,0,Excellent
S0267,18,Male,74.7,2.0,82.5,39.8,4.0,0,0,At Risk
S0268,19,Female,63.8,4.2,72.0,65.5,5.91,1,0,Good
S0269,23,Other,38.6,2.1,46.4,30.7,4.0,1,1,At Risk
S0270,19,Female,88.3,4.5,100.0,61.7,6.3,1,0,Excellent
S0271,20,Male,86.1,2.2,93.8,58.8,5.55,0,0,Good
S0272,21,Male,70.8,3.2,82.2,46.3,5.33,0,0,Average
S0273,19,Male,76.0,2.0,82.4,55.6,6.21,1,0,Good
S0274,18,Female,82.7,5.3,100.0,50.9,5.61,0,0,Excellent
S0275,21,Male,51.6,5.7,89.8,64.2,6.07,1,1,Good
S0276,21,Female,67.1,3.5,95.6,50.7,4.24,0,0,Average
S0277,18,Male,86.9,4.1,78.7,53.6,5.21,1,0,Good
S0278,19,Female,56.2,1.1,96.9,37.8,4.0,0,0,At Risk
S0279,18,Female,79.4,3.4,86.6,60.5,5.35,1,0,Good
S0280,23,Female,54.7,3.9,85.7,43.4,4.3,1,0,At Risk
S0281,21,Male,82.0,9.2,74.3,66.2,5.19,0,0,Excellent
S0282,22,Male,74.5,1.8,82.9,46.0,4.0,0,0,Average
S0283,22,Male,50.8,6.9,76.3,46.5,4.26,0,0,Average
S0284,20,Female,92.5,6.0,77.4,80.3,6.97,1,0,Excellent
S0285,18,Female,64.0,4.6,72.0,48.5,4.0,1,1,Average
S0286,18,Female,62.8,7.5,74.0,68.0,6.09,1,0,Excellent
S0287,20,Female,78.0,4.7,100.0,59.2,7.07,1,0,Excellent
S0288,20,Female,92.2,4.8,100.0,54.2,6.07,1,0,Excellent
S0289,20,Male,59.8,3.9,100.0,49.6,6.29,0,0,Good
S0290,21,Female,75.9,6.4,69.5,68.2,6.4,0,0,Excellent
S0291,23,Male,81.4,6.2,88.5,61.5,6.62,0,0,Excellent
S0292,18,Male,85.4,2.7,61.0,63.3,5.22,1,1,Good
S0293,21,Male,77.6,1.4,67.4,55.7,4.83,1,1,Average
S0294,20,Male,69.5,3.6,68.4,59.0,4.0,0,0,Average
S0295,18,Male,62.6,2.4,98.4,42.3,5.49,1,1,Average
S0296,21,Female,76.3,3.9,76.9,46.0,5.99,1,1,Good
S0297,23,Male,58.9,6.5,100.0,52.3,4.7,1,0,Good
S0298,21,Female,31.2,3.1,90.3,40.2,4.21,0,1,At Risk
S0299,23,Male,81.5,3.9,100.0,60.5,5.03,0,0,Good
S0300,20,Male,88.6,4.1,61.0,41.5,4.8,1,0,Average
S0301,23,Male,39.6,5.7,100.0,48.9,5.83,1,0,Average
S0302,18,Male,59.9,0.0,92.2,39.2,4.0,1,0,At Risk
S0303,20,Female,84.3,2.8,66.0,51.5,5.42,0,0,Good
S0304,18,Male,100.0,4.4,98.9,73.5,6.19,0,0,Excellent
S0305,22,Female,75.3,6.4,92.8,65.2,6.0,1,1,Excellent
S0306,19,Male,64.1,3.0,77.6,58.7,5.89,1,1,Good
S0307,23,Female,72.3,0.2,63.0,40.6,4.29,1,1,At Risk
S0308,19,Female,95.6,5.2,74.6,71.8,6.23,1,1,Excellent
S0309,19,Female,65.3,2.7,100.0,60.8,5.48,0,1,Good
S0310,23,Male,63.0,1.6,78.2,54.2,6.03,1,0,Good
S0311,20,Male,67.8,2.8,92.3,40.0,4.74,1,0,Average
S0312,22,Male,60.7,3.6,70.3,47.0,5.0,0,0,Average
S0313,18,Female,76.8,2.8,68.9,48.7,4.0,1,1,Average
S0314,21,Male,99.4,0.0,91.2,53.7,4.92,0,0,Good
S0315,18,Male,79.8,5.8,66.4,66.8,6.73,0,1,Excellent
S0316,21,Female,71.2,6.5,81.8,54.1,5.28,0,0,Good
S0317,18,Male,70.6,5.3,86.1,57.6,5.98,0,0,Good
S0318,23,Female,51.6,1.7,80.1,24.4,4.88,0,1,At Risk
S0319,22,Male,88.2,3.6,79.5,68.8,6.96,1,0,Excellent
S0320,21,Male,73.8,4.0,88.9,50.0,5.07,1,0,Good
S0321,20,Female,72.3,5.2,95.8,57.7,5.05,1,0,Good
S0322,18,Male,100.0,5.3,96.6,63.4,4.0,0,0,Excellent
S0323,18,Female,79.5,2.5,65.2,60.5,5.5,0,1,Good
S0324,21,Male,63.7,4.2,79.1,29.0,4.0,1,0,At Risk
S0325,20,Male,68.6,4.9,100.0,55.1,5.62,0,0,Good
S0326,20,Female,92.2,6.9,100.0,67.5,5.93,0,0,Excellent
S0327,23,Female,76.7,5.4,65.2,55.6,5.08,1,1,Good
S0328,23,Female,53.4,5.6,91.5,66.6,4.57,1,0,Good
S0329,23,Male,88.8,4.2,53.7,52.1,4.37,1,0,Average
S0330,23,Female,65.0,6.8,89.3,66.1,6.35,1,1,Excellent
S0331,23,Male,100.0,4.8,100.0,67.3,7.41,0,0,Excellent
S0332,23,Male,91.2,2.3,65.4,64.4,5.79,1,1,Excellent
S0333,22,Female,68.3,6.8,76.1,55.6,5.6,0,0,Good
S0334,20,Male,94.2,5.4,97.3,58.6,6.28,1,0,Excellent
S0335,23,Female,76.0,3.1,58.1,60.9,5.01,0,0,Good
S0336,20,Male,87.8,3.0,71.5,58.7,5.82,1,1,Good
S0337,20,Male,82.3,4.6,93.1,46.1,4.17,0,1,Average
S0338,19,Female,62.3,4.9,75.3,49.1,5.64,1,0,Good
S0339,22,Female,65.3,4.4,80.3,55.9,5.48,1,0,Good
S0340,23,Female,90.4,4.6,95.4,67.6,6.29,1,1,Excellent
S0341,18,Female,70.0,7.4,96.1,57.8,4.84,1,0,Good
S0342,21,Female,68.9,6.1,91.2,35.7,4.71,1,1,Average
S0343,18,Female,60.7,4.4,78.7,55.6,7.0,1,0,Good
S0344,22,Female,81.4,5.9,92.4,52.4,4.34,1,1,Good
S0345,21,Male,100.0,1.9,76.9,39.6,4.1,1,0,Average
S0346,22,Male,59.0,4.8,91.5,29.4,4.0,1,0,At Risk
S0347,20,Male,75.4,7.6,82.7,71.9,6.94,1,0,Excellent
S0348,21,Other,96.2,3.6,79.5,60.7,5.19,1,1,Excellent
S0349,20,Female,73.8,2.3,64.8,47.2,4.0,1,0,At Risk
S0350,18,Male,81.8,2.7,79.9,63.8,6.92,1,0,Excellent
S0351,18,Female,59.1,1.8,66.4,48.2,5.5,1,0,Average
S0352,21,Female,81.4,2.4,63.1,64.6,4.48,1,0,Good
S0353,21,Male,72.2,3.3,85.5,40.4,4.0,0,1,Average
S0354,23,Female,89.8,1.2,80.6,50.3,6.27,1,1,Good
S0355,22,Female,92.8,4.0,94.7,46.9,5.97,1,0,Excellent
S0356,23,Male,100.0,5.8,80.1,65.6,6.69,1,1,Excellent
S0357,22,Female,83.7,2.2,85.5,49.7,4.84,1,1,Good
S0358,23,Male,79.9,7.0,97.3,70.0,6.27,0,1,Excellent
S0359,20,Female,77.9,5.0,91.7,58.7,5.42,1,0,Good
S0360,21,Other,69.7,6.1,74.8,64.2,6.75,1,1,Excellent
S0361,18,Female,80.1,2.7,82.6,57.8,4.77,1,0,Good
S0362,22,Male,70.6,5.7,91.9,75.5,5.89,0,0,Excellent
S0363,22,Female,77.5,1.8,78.7,46.1,5.57,1,1,Average
S0364,18,Female,94.8,5.8,55.3,58.3,5.46,1,0,Excellent
S0365,23,Male,59.9,4.3,86.0,52.8,6.27,0,0,Good
S0366,22,Female,92.1,5.1,100.0,56.5,4.85,0,1,Excellent
S0367,20,Male,94.8,1.6,72.8,65.1,5.86,0,1,Excellent
S0368,21,Female,73.2,2.2,68.5,46.3,4.04,1,0,Average
S0369,18,Male,43.2,5.2,91.0,44.0,4.65,0,1,Average
S0370,21,Male,65.9,2.1,83.9,42.3,4.0,0,0,At Risk
S0371,22,Male,94.5,4.9,100.0,68.8,5.74,1,0,Excellent
S0372,22,Female,74.7,1.3,58.7,45.0,4.0,0,1,At Risk
S0373,18,Male,60.0,5.7,97.4,50.0,5.56,0,0,Good
S0374,20,Female,67.4,1.5,86.9,58.0,6.05,1,0,Good
S0375,19,Male,87.6,5.1,83.1,54.7,4.0,1,0,Good
S0376,18,Male,83.2,5.3,90.7,61.1,6.73,1,0,Excellent
S0377,19,Female,71.4,2.6,95.6,54.4,7.26,1,0,Excellent
S0378,23,Female,69.5,5.2,98.5,43.4,4.64,1,1,Average
S0379,19,Male,69.1,4.5,66.9,58.1,4.97,1,1,Good
S0380,20,Female,61.2,2.9,93.1,38.6,6.58,0,0,Good
S0381,23,Female,99.2,2.0,78.0,62.3,4.68,0,1,Good
S0382,19,Female,70.2,0.1,76.3,33.7,4.04,1,0,At Risk
S0383,23,Male,93.3,4.7,85.5,67.6,6.2,0,0,Excellent
S0384,19,Male,97.8,0.9,74.5,60.9,6.73,1,1,Excellent
S0385,20,Female,90.0,4.2,100.0,66.5,6.28,1,0,Excellent
S0386,19,Male,68.5,3.5,80.7,53.1,4.79,0,0,Average
S0387,19,Female,81.1,5.4,69.0,58.7,4.76,0,0,Good
S0388,19,Female,74.6,3.4,75.9,48.0,4.61,0,0,Average
S0389,18,Female,61.4,3.3,84.3,60.1,4.8,1,1,Average
S0390,18,Female,79.9,5.5,100.0,54.9,5.33,1,0,Good
S0391,18,Other,57.3,4.7,93.4,43.0,4.13,1,0,Average
S0392,20,Male,92.8,4.6,71.4,67.0,4.82,0,0,Excellent
S0393,23,Female,68.0,4.9,100.0,48.7,5.93,1,0,Good
S0394,22,Male,78.0,0.9,80.8,38.5,4.0,1,0,At Risk
S0395,19,Male,79.2,5.5,100.0,48.7,4.0,0,0,Good
S0396,19,Female,71.1,5.2,83.1,53.1,5.05,1,1,Good
S0397,20,Female,83.8,2.0,87.0,50.5,5.08,1,1,Good
S0398,19,Other,67.9,3.5,94.6,52.8,4.0,0,0,Average
S0399,18,Female,88.1,3.9,100.0,65.7,6.21,1,0,Excellent
S0400,22,Male,54.8,3.7,98.3,51.8,4.27,0,0,Average
S0401,21,Male,76.9,4.7,97.5,55.6,6.7,1,1,Excellent
S0402,19,Female,100.0,6.9,84.1,69.1,6.57,0,1,Excellent
S0403,18,Male,60.0,6.2,78.8,60.7,5.32,1,0,Good
S0404,21,Male,64.8,1.4,82.8,53.8,4.63,1,1,Average
S0405,22,Male,82.7,5.2,99.4,61.4,5.6,1,0,Excellent
S0406,21,Male,77.7,6.7,85.1,59.7,6.07,1,0,Excellent
S0407,18,Male,80.3,4.8,100.0,50.5,5.01,1,0,Good
S0408,23,Male,82.3,6.2,100.0,51.7,4.93,1,0,Good
S0409,23,Male,84.5,8.0,77.3,74.7,6.53,1,0,Excellent
S0410,21,Male,91.6,6.0,74.4,70.1,5.72,1,0,Excellent
S0411,20,Other,81.1,4.5,81.9,62.4,5.47,1,0,Good
S0412,21,Male,71.4,6.1,91.8,58.7,4.0,1,0,Good
S0413,19,Male,85.1,4.3,75.7,69.7,6.96,1,0,Excellent
S0414,19,Female,100.0,4.0,100.0,58.1,5.73,1,0,Excellent
S0415,23,Male,73.0,3.3,88.0,59.4,4.95,1,0,Good
S0416,20,Female,60.4,7.1,89.8,59.1,7.06,0,0,Excellent
S0417,18,Female,91.6,2.4,58.3,49.8,5.06,0,0,Good
S0418,19,Male,73.2,7.1,69.5,68.0,5.25,0,0,Good
S0419,23,Male,42.4,5.0,89.2,51.0,5.75,1,0,Average
S0420,22,Female,87.7,1.2,45.4,52.8,5.49,0,0,Average
S0421,23,Female,67.0,4.7,99.6,54.9,5.61,1,0,Good
S0422,19,Male,73.6,0.0,72.6,41.8,4.17,1,0,At Risk
S0423,19,Female,80.0,5.3,100.0,79.0,7.1,0,1,Excellent
S0424,23,Male,77.9,5.8,100.0,70.2,6.0,1,0,Excellent
S0425,18,Other,85.6,2.8,77.9,59.9,6.04,0,0,Excellent
S0426,21,Male,68.5,4.2,81.8,54.0,4.0,0,0,Average
S0427,19,Female,82.7,7.9,100.0,76.6,6.25,1,0,Excellent
S0428,23,Female,71.1,3.0,100.0,54.5,6.65,1,0,Excellent
S0429,23,Female,86.1,1.9,54.2,51.7,4.49,1,0,Average
S0430,20,Male,84.2,7.0,62.2,63.8,5.34,0,0,Excellent
S0431,21,Male,61.0,7.9,81.5,61.4,5.33,1,1,Good
S0432,22,Male,91.3,4.0,91.7,34.0,4.0,0,0,Average
S0433,18,Male,67.0,6.0,94.5,59.8,4.0,0,0,Good
S0434,22,Male,87.1,6.7,100.0,62.3,5.55,0,0,Excellent
S0435,21,Female,80.5,2.5,62.0,64.4,5.97,0,1,Good
S0436,21,Male,100.0,3.0,46.3,59.2,5.51,0,1,Good
S0437,21,Male,71.6,6.5,100.0,51.5,4.97,0,0,Good
S0438,22,Female,69.8,7.4,77.4,62.7,5.8,1,1,Excellent
S0439,21,Female,74.7,5.1,54.9,49.3,5.78,0,0,Good
S0440,23,Female,70.5,2.2,81.6,51.5,4.94,0,1,Average
S0441,22,Other,87.0,8.0,100.0,72.4,5.88,0,1,Excellent
S0442,21,Male,50.8,2.9,79.0,51.6,4.87,1,0,Average
S0443,23,Male,59.2,3.3,74.7,41.3,4.94,0,1,Average
S0444,20,Female,59.0,4.7,82.0,52.1,6.26,1,0,Good
S0445,21,Female,89.3,7.1,83.6,57.2,4.93,1,0,Excellent
S0446,22,Male,100.0,5.7,66.2,72.7,6.44,0,0,Excellent
S0447,19,Female,73.4,4.8,73.9,60.6,5.91,1,1,Good
S0448,21,Male,72.5,4.9,92.6,60.4,4.83,0,0,Good
S0449,19,Male,76.1,4.1,88.0,55.1,5.32,1,0,Good
S0450,23,Female,92.4,5.1,87.7,66.3,4.81,1,1,Excellent
S0451,20,Female,61.1,0.0,60.1,51.2,4.0,0,0,At Risk
S0452,18,Female,78.6,3.4,79.1,51.5,5.38,0,0,Good
S0453,20,Male,89.6,4.5,51.3,61.5,5.38,1,0,Good
S0454,21,Female,82.5,1.7,81.1,41.2,4.63,1,0,Average
S0455,19,Male,77.8,4.8,100.0,50.8,5.03,0,0,Good
S0456,19,Male,90.0,3.6,60.1,58.6,4.73,1,0,Good
S0457,22,Female,34.5,7.5,81.2,61.7,5.67,1,1,Good
S0458,19,Female,85.2,7.1,94.1,64.8,4.9,1,1,Excellent
S0459,22,Female,65.2,3.1,100.0,47.0,5.93,0,0,Good
S0460,23,Female,47.5,3.7,75.7,42.1,4.0,1,0,At Risk
S0461,18,Female,82.7,3.9,72.4,52.2,4.98,1,0,Good
S0462,21,Female,95.6,3.1,51.7,60.3,4.78,0,0,Good
S0463,22,Male,72.9,4.4,85.4,43.1,5.04,1,0,Average
S0464,18,Male,89.3,2.5,100.0,64.5,5.6,1,0,Excellent
S0465,19,Male,99.2,1.7,82.6,49.5,4.56,1,1,Good
S0466,19,Male,94.7,5.2,85.1,69.8,6.87,0,0,Excellent
S0467,18,Female,99.6,5.3,90.4,55.6,5.36,1,0,Excellent
S0468,19,Male,86.1,2.4,79.6,58.4,5.92,0,1,Good
S0469,23,Male,76.1,5.8,74.4,65.6,5.15,1,0,Good
S0470,23,Male,51.0,2.7,92.7,46.5,4.0,0,0,At Risk
S0471,18,Female,71.3,4.5,87.4,46.9,4.9,1,0,Average
S0472,22,Male,62.4,5.6,86.5,57.5,5.19,1,0,Good
S0473,22,Female,100.0,3.9,68.2,52.2,5.63,0,1,Good
S0474,18,Male,72.4,4.9,100.0,54.4,5.2,1,0,Good
S0475,22,Male,76.8,3.0,91.0,60.3,5.78,1,1,Good
S0476,22,Female,83.3,3.6,73.9,62.2,4.43,0,1,Good
S0477,23,Female,75.7,3.6,97.2,53.6,6.73,1,1,Excellent
S0478,22,Male,100.0,2.5,72.5,49.7,4.85,1,1,Good
S0479,20,Female,65.7,3.6,70.5,55.7,5.9,0,0,Good
S0480,21,Female,77.9,0.9,65.4,46.2,4.1,0,0,At Risk
S0481,19,Male,63.9,3.0,54.4,29.6,4.02,0,0,At Risk
S0482,20,Female,55.2,3.4,88.9,53.0,4.14,0,0,Average
S0483,22,Female,65.8,3.5,54.5,50.0,5.36,1,1,Average
S0484,23,Female,74.4,3.5,63.6,62.4,5.46,0,0,Good
S0485,18,Female,68.6,3.9,51.7,43.5,4.63,1,1,Average
S0486,22,Female,64.6,5.0,83.7,29.0,4.3,1,1,At Risk
S0487,23,Female,53.9,5.7,84.1,55.5,4.34,0,1,Average
S0488,21,Female,73.8,2.7,75.5,52.6,4.61,1,1,Average
S0489,22,Female,52.4,1.6,62.6,27.0,4.0,1,0,At Risk
S0490,18,Female,86.4,1.9,61.2,43.8,6.31,1,0,Good
S0491,23,Female,76.2,3.0,88.0,73.9,6.32,0,0,Excellent
S0492,23,Female,53.1,3.3,73.3,43.4,5.08,0,0,Average
S0493,23,Male,70.4,2.5,84.7,54.5,5.18,1,0,Good
S0494,21,Female,63.7,1.4,64.5,38.1,5.84,1,1,Average
S0495,22,Female,79.8,3.1,83.9,36.5,4.0,1,1,Average
S0496,21,Male,95.1,4.4,100.0,60.4,5.7,1,0,Excellent
S0497,19,Female,46.9,5.2,94.2,47.5,4.0,0,0,Average
S0498,19,Male,76.7,2.9,74.6,48.5,4.0,1,0,Average
S0499,22,Male,72.6,3.2,85.3,50.5,5.27,0,0,Good
S0500,21,Female,85.1,2.1,75.6,53.9,5.35,0,0,Good
S0501,18,Male,78.2,3.9,82.9,54.0,5.01,1,0,Good
S0502,23,Female,63.7,2.3,74.7,35.9,4.07,0,0,At Risk
S0503,23,Female,70.2,5.1,82.7,60.2,8.09,1,0,Excellent
S0504,22,Male,63.1,0.4,79.0,24.5,4.0,1,0,At Risk
S0505,19,Male,91.1,3.3,66.7,40.8,4.86,0,0,Average
S0506,19,Male,75.3,4.6,69.0,62.3,5.22,1,0,Good
S0507,23,Female,100.0,4.4,63.0,67.3,6.27,1,0,Excellent
S0508,22,Other,74.1,9.4,69.8,70.0,6.01,1,0,Excellent
S0509,21,Female,64.4,4.7,66.1,42.3,4.21,0,1,At Risk
S0510,19,Male,52.3,2.0,81.4,36.0,5.62,0,0,At Risk
S0511,21,Female,48.0,3.8,69.2,43.7,5.56,1,0,Average
S0512,19,Female,51.2,0.4,83.5,23.8,4.0,0,1,At Risk
S0513,19,Female,79.0,3.8,83.1,49.2,4.0,0,0,Average
S0514,20,Male,82.6,2.3,50.1,56.9,5.13,1,1,Average
S0515,19,Female,51.3,5.8,96.4,64.2,8.01,0,0,Excellent
S0516,18,Female,88.4,2.9,93.0,51.9,4.93,1,0,Good
S0517,22,Female,67.8,3.8,67.7,57.8,6.35,0,0,Good
S0518,22,Male,77.2,2.7,86.7,35.9,5.31,1,0,Average
S0519,21,Female,99.2,7.5,77.2,77.5,6.83,1,0,Excellent
S0520,19,Female,88.5,3.4,83.3,50.3,4.34,0,0,Good
S0521,18,Male,71.0,7.7,71.4,66.9,4.07,0,0,Good
S0522,21,Female,61.6,5.6,59.3,53.3,5.75,1,0,Good
S0523,20,Female,42.7,5.0,79.3,58.4,4.85,1,0,Average
S0524,21,Male,64.2,4.7,82.5,46.4,4.92,1,0,Average
S0525,21,Male,71.8,4.8,78.6,61.0,4.66,0,0,Good
S0526,19,Female,60.2,0.1,57.4,36.1,4.0,0,0,At Risk
S0527,20,Male,73.0,3.4,75.8,50.8,5.07,1,0,Average
S0528,21,Female,76.2,5.7,90.4,58.5,5.72,1,1,Excellent
S0529,18,Male,71.6,3.9,82.1,46.4,4.0,1,0,Average
S0530,18,Female,65.2,1.2,80.1,43.0,5.54,1,0,Average
S0531,22,Male,77.5,3.9,72.7,54.4,4.79,1,0,Good
S0532,20,Female,81.6,7.4,100.0,68.6,4.78,1,0,Excellent
S0533,20,Other,58.6,6.5,70.4,57.8,5.38,0,1,Good
S0534,22,Female,96.2,3.9,90.1,66.9,6.04,1,0,Excellent
S0535,21,Female,73.5,5.9,100.0,67.1,6.15,1,0,Excellent
S0536,20,Male,75.3,3.3,88.8,44.1,5.74,0,0,Good
S0537,18,Female,85.6,0.6,73.2,54.4,5.07,1,1,Good
S0538,18,Male,78.5,2.2,71.5,40.7,4.35,1,0,Average
S0539,19,Male,89.3,7.1,100.0,72.8,5.49,1,1,Excellent
S0540,20,Male,79.3,3.5,60.7,59.2,6.21,1,1,Good
S0541,21,Male,65.8,3.5,67.4,34.9,4.24,1,0,At Risk
S0542,22,Female,80.4,3.4,75.8,55.1,4.97,0,1,Good
S0543,22,Female,57.8,7.8,100.0,57.0,4.0,1,0,Good
S0544,21,Male,76.6,7.3,95.3,58.8,6.68,1,1,Excellent
S0545,23,Male,74.5,8.4,77.3,78.4,5.72,1,0,Excellent
S0546,19,Other,71.9,3.7,77.7,47.4,4.37,0,0,Average
S0547,22,Male,73.1,4.6,75.0,49.3,5.24,0,0,Good
S0548,20,Male,46.8,1.0,66.4,37.6,4.0,1,1,At Risk
S0549,19,Male,66.8,7.0,100.0,66.5,4.8,1,0,Good
S0550,20,Female,76.4,1.7,57.8,46.9,4.0,1,0,At Risk
S0551,18,Female,77.4,4.4,100.0,65.8,6.52,1,0,Excellent
S0552,19,Male,59.6,1.8,91.0,47.5,4.41,1,0,Average
S0553,22,Male,94.0,2.8,97.0,39.2,6.69,1,0,Excellent
S0554,19,Female,62.0,2.3,72.7,41.3,4.0,1,0,At Risk
S0555,19,Female,89.5,2.8,78.4,50.8,4.31,0,0,Average
S0556,19,Male,81.4,2.9,59.3,57.0,4.97,1,0,Good
S0557,23,Female,65.3,2.9,72.9,27.3,4.0,1,0,At Risk
S0558,19,Male,100.0,5.7,93.8,87.5,6.87,0,0,Excellent
S0559,20,Male,57.1,1.8,98.0,46.8,5.3,0,0,Average
S0560,18,Female,88.8,4.4,67.2,61.0,4.88,0,1,Good
S0561,21,Male,90.0,6.4,82.3,75.7,5.44,1,0,Excellent
S0562,19,Female,64.9,3.0,78.7,67.2,4.59,0,1,Good
S0563,22,Male,95.9,2.6,59.3,63.5,4.03,1,1,Good
S0564,19,Male,71.2,3.5,90.9,59.5,5.16,1,0,Good
S0565,22,Other,79.3,6.4,76.9,64.0,5.6,1,0,Excellent
S0566,20,Male,78.9,4.4,80.9,55.7,4.84,1,1,Good
S0567,22,Female,73.0,2.9,74.0,46.8,5.8,0,0,Good
S0568,21,Male,87.2,5.0,73.2,54.6,6.26,1,0,Excellent
S0569,18,Male,86.9,1.8,78.5,46.0,4.49,1,0,Average
S0570,22,Male,48.8,5.4,82.6,40.0,4.0,1,0,At Risk
S0571,22,Female,94.6,4.8,79.0,62.2,5.28,0,1,Excellent
S0572,18,Male,50.1,3.4,70.9,31.8,4.0,1,0,At Risk
S0573,21,Female,90.5,2.3,84.4,55.6,4.81,1,0,Good
S0574,19,Male,91.9,2.2,100.0,53.9,4.68,1,0,Good
S0575,22,Female,58.6,5.1,87.3,54.1,4.72,1,0,Average
S0576,18,Male,68.8,6.5,100.0,56.0,5.05,1,0,Good
S0577,20,Female,58.4,2.7,59.5,70.2,5.7,1,0,Good
S0578,18,Female,71.8,4.9,87.2,67.1,6.19,1,1,Excellent
S0579,20,Female,70.4,0.0,58.5,31.2,4.16,1,0,At Risk
S0580,21,Female,86.7,2.8,58.4,56.3,4.65,0,1,Average
S0581,19,Female,94.7,3.9,71.7,55.2,6.33,0,0,Excellent
S0582,18,Female,95.9,2.2,97.3,47.3,4.05,0,0,Good
S0583,23,Male,66.6,2.1,93.5,35.6,4.0,0,0,At Risk
S0584,22,Male,71.9,2.7,84.0,53.1,5.49,0,0,Good
S0585,21,Female,49.7,4.6,61.2,43.3,4.0,1,0,At Risk
S0586,18,Female,62.9,3.6,79.3,57.4,5.7,0,0,Good
S0587,22,Female,89.5,0.0,79.5,54.8,4.0,1,1,Average
S0588,18,Male,99.2,0.0,77.6,60.8,6.76,0,1,Excellent
S0589,20,Male,56.5,2.8,52.9,38.5,4.85,0,0,At Risk
S0590,18,Male,66.1,4.9,71.4,58.3,4.3,0,0,Average
S0591,23,Female,74.6,0.0,74.0,47.4,4.0,0,0,At Risk
S0592,18,Male,79.2,3.0,89.0,49.0,6.28,1,0,Good
S0593,18,Male,62.9,2.9,47.9,41.4,4.0,1,0,At Risk
S0594,23,Male,81.4,6.8,86.2,77.7,5.99,0,0,Excellent
S0595,21,Male,67.9,3.2,83.5,51.8,4.0,1,1,Average
S0596,18,Female,74.8,4.8,97.3,61.9,5.43,1,1,Excellent
S0597,23,Male,83.2,4.3,94.0,51.3,4.9,1,0,Good
S0598,22,Female,75.1,0.0,83.7,32.8,4.54,1,0,At Risk
S0599,20,Male,68.5,5.5,74.0,52.5,4.03,1,0,Average
S0600,20,Male,73.4,4.4,55.2,54.2,4.04,1,1,Average
S0601,18,Male,73.7,5.0,79.1,48.6,5.28,1,0,Good
S0602,21,Male,69.4,11.9,100.0,76.4,7.39,0,0,Excellent
S0603,21,Male,71.1,0.0,95.9,27.8,4.0,1,1,At Risk
S0604,22,Male,99.0,7.4,100.0,62.9,6.64,1,0,Excellent
S0605,18,Female,83.4,3.4,88.2,60.6,5.67,1,0,Excellent
S0606,20,Male,70.6,4.6,89.9,59.8,6.46,1,0,Excellent
S0607,21,Female,85.5,3.9,74.5,54.2,5.2,1,0,Good
S0608,18,Female,70.0,3.2,79.4,42.5,4.0,0,0,Average
S0609,21,Female,92.6,2.9,100.0,48.3,4.78,1,0,Good
S0610,23,Male,80.5,4.7,70.3,55.3,6.17,1,0,Good
S0611,21,Male,73.4,1.0,100.0,50.2,4.3,1,0,Average
S0612,20,Male,81.7,5.5,81.2,68.4,5.79,1,1,Excellent
S0613,19,Male,51.4,3.2,100.0,41.0,4.32,1,0,At Risk
S0614,22,Other,58.1,1.7,57.3,33.3,4.0,0,0,At Risk
S0615,22,Male,57.1,3.1,90.0,48.6,6.25,1,0,Good
S0616,20,Male,77.1,6.5,76.9,56.0,4.64,1,1,Good
S0617,21,Female,100.0,2.9,59.6,54.6,5.68,1,1,Good
S0618,18,Female,100.0,4.7,87.7,74.7,6.41,0,0,Excellent
S0619,21,Female,84.6,2.5,95.1,59.5,6.58,1,0,Excellent
S0620,20,Male,82.5,5.5,73.3,62.5,6.07,1,1,Excellent
S0621,22,Male,48.0,5.4,63.3,40.4,4.24,1,0,At Risk
S0622,21,Male,66.9,7.7,89.0,64.9,5.18,1,0,Excellent
S0623,22,Male,63.2,3.6,80.9,58.3,6.14,1,1,Good
S0624,18,Male,65.7,5.3,93.8,52.6,4.0,0,0,Average
S0625,22,Male,72.5,4.2,97.6,65.2,6.43,0,1,Excellent
S0626,22,Male,67.9,6.6,87.3,70.5,5.35,1,1,Excellent
S0627,19,Male,45.3,2.6,100.0,54.7,6.28,1,0,Good
S0628,19,Male,86.2,5.5,89.4,64.8,6.02,0,1,Excellent
S0629,23,Female,58.9,3.6,77.0,53.2,5.71,0,1,Average
S0630,19,Female,78.6,3.9,58.6,66.6,6.06,0,0,Good
S0631,22,Female,100.0,4.2,79.5,66.2,4.57,1,0,Excellent
S0632,20,Male,61.2,4.5,79.0,47.9,4.19,0,0,Average
S0633,22,Male,37.0,3.8,97.0,38.9,4.87,1,0,At Risk
S0634,20,Male,70.7,4.4,90.7,56.3,5.51,1,1,Good
S0635,20,Female,91.5,7.2,71.7,58.7,6.47,0,0,Excellent
S0636,19,Female,100.0,6.0,89.6,66.9,6.34,1,0,Excellent
S0637,21,Male,56.6,5.7,96.5,62.9,5.0,0,0,Good
S0638,18,Female,82.5,3.1,100.0,36.5,4.0,1,1,Average
S0639,19,Male,68.0,2.2,92.7,59.3,5.64,0,0,Good
S0640,19,Female,73.4,5.9,98.2,68.7,4.27,1,0,Good
S0641,21,Female,100.0,5.8,87.5,63.7,7.16,1,0,Excellent
S0642,18,Female,52.5,6.9,94.6,60.8,6.0,0,0,Good
S0643,22,Female,78.8,2.8,99.3,52.1,6.11,0,0,Good
S0644,23,Female,82.0,3.5,62.0,64.9,4.63,1,0,Good
S0645,23,Male,91.3,0.7,71.2,57.4,6.44,0,0,Good
S0646,22,Female,76.5,3.2,69.8,41.3,6.26,1,0,Good
S0647,19,Male,79.6,6.0,92.7,66.6,4.94,1,1,Excellent
S0648,18,Female,69.1,3.1,99.7,48.4,5.52,1,0,Good
S0649,19,Female,79.0,5.3,76.6,60.3,5.62,1,0,Good
S0650,20,Female,69.9,3.6,46.3,45.9,4.0,1,0,At Risk
S0651,19,Male,84.3,4.6,78.0,73.1,6.78,1,0,Excellent
S0652,19,Female,69.5,1.7,92.1,54.3,5.92,1,0,Good
S0653,22,Female,80.7,4.2,91.5,50.9,4.57,0,0,Good
S0654,22,Female,74.6,0.0,81.4,31.7,4.83,0,0,At Risk
S0655,22,Male,91.9,3.6,78.0,55.3,4.0,1,0,Good
S0656,23,Male,74.2,0.7,57.2,47.8,4.0,1,0,At Risk
S0657,20,Male,48.4,6.4,95.5,55.6,5.45,1,1,Good
S0658,22,Male,93.9,5.6,73.7,75.0,6.52,0,0,Excellent
S0659,18,Female,61.4,4.9,100.0,59.4,4.99,1,0,Good
S0660,23,Male,65.2,7.0,97.6,68.3,6.75,0,0,Excellent
S0661,21,Other,66.1,2.1,70.5,48.7,5.35,0,0,Average
S0662,18,Male,95.6,7.5,80.8,60.1,6.29,1,0,Excellent
S0663,18,Male,43.0,5.9,85.4,49.0,4.84,0,0,Average
S0664,22,Female,100.0,3.5,78.4,69.0,6.62,1,0,Excellent
S0665,21,Female,90.8,6.3,100.0,65.7,5.59,0,0,Excellent
S0666,21,Male,78.3,1.8,81.4,52.9,6.82,1,0,Good
S0667,23,Female,74.2,2.4,68.8,46.9,4.16,1,1,Average
S0668,21,Female,79.3,2.8,100.0,44.0,6.32,0,0,Good
S0669,20,Male,82.8,2.9,81.5,52.6,5.18,0,0,Good
S0670,22,Other,84.7,1.9,90.3,53.6,4.12,1,1,Average
S0671,21,Other,83.3,6.4,78.7,58.9,6.63,1,0,Excellent
S0672,23,Female,76.3,3.5,87.4,51.5,5.19,1,0,Good
S0673,20,Male,72.0,4.7,89.1,48.2,5.57,0,0,Good
S0674,19,Female,72.7,2.9,52.5,59.5,6.55,1,0,Good
S0675,19,Male,72.1,0.4,100.0,40.5,4.7,1,0,Average
S0676,20,Male,92.0,4.5,100.0,72.7,5.89,1,1,Excellent
S0677,23,Male,83.9,0.2,69.4,58.0,6.26,1,0,Good
S0678,20,Male,30.9,3.9,66.3,40.3,4.42,0,0,At Risk
S0679,22,Female,84.8,1.3,82.8,41.3,5.03,0,1,Average
S0680,22,Female,77.9,8.0,92.3,50.7,4.0,1,1,Good
S0681,19,Female,74.7,5.8,91.9,48.0,5.24,1,0,Good
S0682,21,Male,69.2,4.2,86.3,42.4,4.03,0,0,Average
S0683,23,Male,91.9,6.5,95.6,78.1,8.01,1,0,Excellent
S0684,19,Male,89.2,2.3,100.0,54.6,5.77,0,0,Excellent
S0685,21,Other,63.4,5.1,93.7,57.4,5.64,0,0,Good
S0686,21,Male,81.1,4.4,68.1,39.8,4.78,0,0,Average
S0687,22,Female,60.4,4.5,100.0,42.0,4.0,0,1,Average
S0688,18,Female,54.3,6.5,100.0,62.9,7.07,1,0,Excellent
S0689,18,Male,65.6,5.5,100.0,58.5,7.1,1,0,Excellent
S0690,20,Female,87.9,4.6,67.3,59.0,5.85,0,0,Excellent
S0691,22,Male,89.3,0.7,80.0,53.4,6.48,0,0,Good
S0692,21,Female,82.7,2.1,48.0,64.2,5.4,1,0,Good
S0693,23,Female,85.9,3.8,90.9,55.4,4.69,0,0,Good
S0694,18,Male,82.7,4.2,75.2,58.0,5.51,1,1,Good
S0695,21,Male,65.4,1.7,100.0,46.3,5.13,0,0,Average
S0696,18,Female,81.5,8.8,81.0,90.0,7.08,1,0,Excellent
S0697,18,Female,87.0,7.0,63.7,50.3,5.45,0,0,Good
S0698,18,Male,86.3,5.2,78.3,67.0,6.27,0,0,Excellent
S0699,23,Female,92.8,4.1,53.6,59.2,4.75,0,0,Good
S0700,22,Female,85.6,3.6,93.5,61.0,6.08,0,1,Excellent
S0701,23,Female,80.3,2.1,48.2,45.1,5.4,1,1,Average
S0702,19,Male,91.1,4.2,83.8,59.5,5.71,1,0,Excellent
S0703,21,Female,74.6,4.5,52.8,61.6,6.62,0,0,Good
S0704,22,Female,61.8,1.5,73.2,67.9,5.1,0,1,Average
S0705,22,Male,72.6,4.7,100.0,62.3,6.11,1,0,Excellent
S0706,22,Male,63.8,3.7,87.8,43.5,4.0,1,0,Average
S0707,22,Other,64.9,0.2,62.4,36.7,4.0,1,0,At Risk
S0708,23,Male,72.8,2.3,79.1,45.1,4.2,1,1,Average
S0709,22,Female,63.1,3.2,81.7,34.2,4.0,1,0,At Risk
S0710,20,Male,70.4,7.8,97.7,61.9,5.28,1,1,Excellent
S0711,21,Male,46.6,5.1,64.7,55.1,5.13,1,1,Average
S0712,22,Female,78.2,1.3,86.5,37.2,4.9,1,0,Average
S0713,21,Male,75.0,5.0,44.4,65.9,5.7,0,1,Good
S0714,20,Male,62.7,0.9,67.4,45.4,4.0,0,1,At Risk
S0715,20,Male,84.9,6.2,80.1,58.2,6.4,0,0,Excellent
S0716,21,Female,89.1,3.1,90.7,54.9,4.62,1,0,Good
S0717,18,Male,50.9,3.8,82.9,59.5,5.52,1,0,Average
S0718,19,Male,63.6,6.7,67.3,65.0,6.26,1,0,Excellent
S0719,18,Female,63.5,1.4,63.0,43.3,4.76,0,0,At Risk
S0720,18,Male,60.9,1.2,80.4,40.0,5.28,1,0,Average
S0721,23,Female,87.4,2.8,79.4,55.2,5.7,1,0,Good
S0722,18,Male,72.1,6.1,78.5,55.8,4.66,0,1,Good
S0723,22,Female,71.0,1.0,69.8,27.5,5.39,1,0,At Risk
S0724,23,Male,44.9,0.0,85.4,49.8,5.14,1,0,At Risk
S0725,23,Female,84.5,3.1,73.4,55.9,5.24,1,0,Good
S0726,20,Male,56.4,5.1,83.9,55.4,6.1,1,0,Good
S0727,18,Male,75.9,6.4,100.0,61.5,5.89,1,0,Excellent
S0728,20,Male,79.2,3.1,59.8,47.2,5.15,1,0,Average
S0729,21,Male,95.4,3.2,53.6,56.7,7.4,1,0,Excellent
S0730,19,Male,55.4,6.3,99.4,42.7,4.34,1,1,Average
S0731,23,Male,30.0,0.3,65.4,48.1,4.63,0,1,At Risk
S0732,21,Female,77.8,3.2,76.6,43.1,4.68,1,0,Average
S0733,21,Male,100.0,4.4,72.1,54.9,6.15,0,1,Excellent
S0734,22,Male,93.6,4.9,80.9,59.3,4.35,0,1,Good
S0735,19,Female,78.1,3.0,100.0,62.7,4.19,1,0,Good
S0736,21,Female,67.6,4.1,95.2,52.7,4.69,1,1,Good
S0737,21,Male,87.1,0.0,87.9,36.2,4.0,1,1,Average
S0738,19,Male,60.4,2.7,59.2,56.3,5.04,0,0,Average
S0739,19,Male,82.1,4.9,67.5,65.2,6.31,0,0,Excellent
S0740,21,Female,82.6,2.0,40.0,55.1,4.59,0,0,Average
S0741,19,Female,90.9,4.1,71.1,65.3,4.78,0,0,Good
S0742,21,Male,100.0,4.9,99.2,83.9,7.09,1,1,Excellent
S0743,21,Female,80.9,3.3,89.4,71.7,6.99,0,0,Excellent
S0744,22,Female,67.4,4.3,80.3,47.6,4.0,1,1,Average
S0745,18,Female,74.6,2.1,78.9,61.7,6.36,0,1,Good
S0746,21,Female,48.5,3.6,71.9,48.4,5.56,1,0,Average
S0747,20,Male,64.6,5.2,88.5,59.0,6.3,0,0,Good
S0748,23,Male,68.9,4.3,95.1,40.0,5.37,0,0,Average
S0749,18,Male,67.1,2.8,56.4,47.2,6.59,0,0,Good
S0750,18,Male,77.3,4.4,88.3,49.9,4.71,1,0,Good
S0751,18,Female,62.7,5.4,99.8,61.6,5.78,1,0,Good
S0752,22,Female,91.8,0.0,68.8,56.1,5.03,1,0,Good
S0753,21,Male,75.0,6.3,98.1,44.8,4.69,1,1,Good
S0754,22,Male,74.9,3.3,100.0,52.2,6.36,0,0,Excellent
S0755,21,Male,70.1,4.9,83.2,64.7,4.81,1,0,Good
S0756,22,Female,77.3,6.4,93.7,60.9,4.97,1,0,Good
S0757,22,Male,87.4,1.3,66.5,56.0,6.46,0,1,Good
S0758,23,Male,62.0,2.6,82.9,49.2,5.77,0,0,Average
S0759,20,Male,65.1,3.4,88.7,52.5,4.86,0,0,Average
S0760,22,Male,70.4,2.4,82.7,46.1,5.45,0,1,Average
S0761,23,Other,54.8,7.5,74.7,49.2,5.22,1,0,Average
S0762,19,Female,62.7,2.3,82.7,36.7,5.4,0,0,Average
S0763,20,Male,67.9,2.9,100.0,54.7,5.34,0,0,Good
S0764,22,Female,88.1,4.4,90.5,59.8,6.41,0,1,Excellent
S0765,18,Female,78.9,1.6,92.6,47.4,6.96,1,0,Good
S0766,19,Female,77.9,3.2,77.8,49.6,5.45,1,0,Good
S0767,19,Male,87.8,4.6,95.4,57.7,5.5,0,0,Excellent
S0768,23,Male,72.9,3.3,85.8,60.1,6.18,0,1,Good
S0769,19,Male,80.9,3.8,68.3,53.0,4.89,0,0,Good
S0770,20,Female,73.5,2.9,85.6,40.0,6.31,1,0,Good
S0771,22,Male,79.0,1.0,62.1,52.6,5.3,0,1,Average
S0772,22,Male,66.3,4.6,74.7,52.1,4.91,1,0,Average
S0773,18,Male,38.4,7.5,92.8,54.3,4.59,1,1,Average
S0774,23,Female,73.0,4.0,87.5,66.8,6.89,1,1,Excellent
S0775,18,Male,96.3,4.5,66.2,62.2,6.43,0,1,Excellent
S0776,19,Female,88.9,5.4,100.0,65.2,5.51,1,0,Excellent
S0777,18,Female,89.5,1.5,86.6,41.9,4.98,1,0,Average
S0778,20,Male,93.5,7.4,79.2,68.5,4.9,0,1,Excellent
S0779,22,Female,76.3,4.4,60.7,61.0,5.81,0,1,Good
S0780,19,Male,78.0,7.3,87.4,52.9,5.54,0,0,Excellent
S0781,18,Female,65.7,2.5,73.3,48.8,6.29,0,1,Good
S0782,23,Male,70.3,7.6,91.9,64.7,5.27,0,0,Excellent
S0783,20,Female,84.2,5.6,80.8,62.4,4.72,1,0,Good
S0784,20,Female,93.1,5.1,55.1,71.5,5.57,1,0,Excellent
S0785,18,Female,72.9,4.5,78.2,58.0,4.41,1,1,Good
S0786,22,Female,68.2,3.5,77.4,62.8,6.84,0,0,Excellent
S0787,18,Male,75.0,6.4,97.3,53.8,6.47,1,0,Excellent
S0788,19,Female,84.0,4.3,73.1,59.2,5.81,0,1,Good
S0789,18,Female,53.3,0.1,100.0,37.0,5.2,1,0,At Risk
S0790,20,Female,40.6,1.8,49.9,29.0,4.0,0,0,At Risk
S0791,18,Male,66.7,3.6,100.0,58.5,5.43,0,0,Good
S0792,22,Female,56.7,4.6,80.8,69.4,5.9,1,0,Good
S0793,23,Female,67.4,3.9,95.7,51.8,4.86,0,0,Good
S0794,21,Female,72.8,6.4,89.0,65.1,4.67,1,1,Good
S0795,18,Male,68.2,0.1,92.3,41.4,4.7,1,0,Average
S0796,22,Female,96.8,4.3,77.8,56.2,5.34,1,1,Excellent
S0797,22,Male,79.9,0.4,59.3,30.6,4.43,1,0,At Risk
S0798,23,Female,79.5,5.5,100.0,54.7,5.36,1,0,Good
S0799,20,Male,84.3,3.8,80.9,45.6,4.61,0,0,Average
S0800,22,Female,57.9,4.8,87.9,65.4,5.23,1,0,Good
S0801,22,Other,90.6,2.3,98.1,53.2,5.25,1,0,Good
S0802,22,Male,73.9,6.6,72.7,59.2,6.14,0,0,Excellent
S0803,22,Other,85.1,6.1,96.1,70.9,5.34,0,0,Excellent
S0804,19,Male,58.9,5.2,76.6,44.3,4.73,1,0,Average
S0805,19,Female,51.7,3.7,80.4,40.5,4.62,1,0,At Risk
S0806,20,Female,87.3,5.2,86.5,62.3,5.16,1,0,Excellent
S0807,18,Female,80.6,2.6,57.7,60.2,5.14,0,1,Good
S0808,22,Female,61.5,5.7,74.7,59.6,5.76,1,0,Good
S0809,23,Female,62.0,7.3,100.0,62.5,4.84,0,0,Good
S0810,18,Male,91.9,6.1,100.0,66.5,6.27,1,1,Excellent
S0811,23,Male,57.2,2.5,79.1,47.9,4.16,1,1,At Risk
S0812,18,Female,99.6,4.7,88.0,65.6,6.79,0,0,Excellent
S0813,20,Female,61.5,1.4,73.4,34.4,5.93,1,0,Average
S0814,22,Female,84.6,5.1,100.0,61.0,4.97,1,0,Excellent
S0815,22,Female,70.1,4.9,81.8,47.1,5.25,1,0,Good
S0816,21,Male,84.0,0.3,79.1,46.7,4.22,1,1,Average
S0817,23,Female,66.8,1.7,95.6,41.3,5.31,1,1,Average
S0818,18,Male,72.6,3.4,70.1,72.3,5.33,1,0,Good
S0819,18,Female,75.6,3.4,100.0,52.6,5.54,0,1,Good
S0820,19,Male,60.0,1.6,55.2,31.6,4.0,0,0,At Risk
S0821,21,Male,86.1,4.8,100.0,59.2,5.39,0,0,Excellent
S0822,19,Male,67.3,4.5,78.4,57.8,4.64,1,1,Average
S0823,19,Male,71.6,3.6,78.6,65.7,6.6,1,0,Excellent
S0824,19,Female,60.1,2.5,51.6,40.8,4.0,0,1,At Risk
S0825,23,Male,36.6,6.1,80.4,36.6,4.64,1,1,At Risk
S0826,23,Male,72.1,7.3,74.0,70.1,5.93,1,0,Excellent
S0827,20,Male,100.0,3.0,71.9,48.0,4.79,1,0,Good
S0828,20,Male,86.8,2.8,78.5,51.0,5.18,0,0,Good
S0829,19,Male,74.7,5.0,99.4,55.3,4.71,1,0,Good
S0830,21,Male,71.1,3.3,84.7,50.7,5.21,0,0,Good
S0831,18,Female,75.3,3.7,87.0,59.2,6.78,0,0,Excellent
S0832,23,Female,83.2,5.5,69.6,56.0,4.74,1,1,Good
S0833,21,Female,57.3,0.2,62.2,35.6,5.07,0,0,At Risk
S0834,22,Male,91.7,6.6,100.0,67.2,7.23,0,0,Excellent
S0835,23,Male,85.7,4.1,72.2,59.2,4.9,1,0,Good
S0836,23,Female,85.8,3.2,100.0,56.1,4.2,0,1,Good
S0837,20,Male,81.6,3.8,79.0,59.4,5.81,1,0,Good
S0838,18,Male,75.3,3.9,82.8,61.0,5.22,0,0,Good
S0839,18,Male,85.1,0.5,92.1,50.2,6.51,0,1,Good
S0840,22,Male,83.9,7.0,100.0,69.8,6.22,0,0,Excellent
S0841,22,Male,69.7,4.1,81.5,40.6,4.0,0,0,Average
S0842,23,Male,66.4,4.9,79.0,55.0,4.38,1,1,Average
S0843,19,Female,76.5,5.9,86.0,64.5,6.74,1,0,Excellent
S0844,20,Female,98.2,2.0,84.1,61.3,5.22,1,1,Excellent
S0845,20,Female,56.4,4.9,98.2,46.1,4.8,1,0,Average
S0846,23,Female,53.0,3.5,82.1,41.1,5.23,0,0,Average
S0847,21,Female,77.5,5.7,95.7,55.8,4.96,1,1,Good
S0848,19,Female,75.8,0.0,99.6,47.0,4.78,1,0,Average
S0849,23,Female,77.6,3.8,88.3,63.0,5.77,1,1,Excellent
S0850,19,Male,78.7,2.8,85.3,48.8,5.47,0,1,Good
S0851,19,Male,71.7,4.9,62.0,63.5,6.28,1,1,Good
S0852,19,Male,97.3,4.9,45.3,64.9,5.72,1,1,Excellent
S0853,23,Female,51.0,2.6,86.0,42.1,4.58,0,0,At Risk
S0854,20,Female,62.6,2.6,78.8,44.9,4.4,1,1,Average
S0855,20,Male,73.5,3.8,74.9,59.4,4.38,0,0,Average
S0856,19,Female,50.4,2.2,83.1,44.3,4.86,1,0,At Risk
S0857,21,Male,72.4,5.7,85.5,77.0,8.13,1,1,Excellent
S0858,18,Female,99.9,3.3,98.5,53.1,4.48,1,0,Good
S0859,23,Male,75.3,0.0,76.3,46.7,4.18,1,0,At Risk
S0860,18,Male,78.5,3.3,70.4,49.2,4.26,0,0,Average
S0861,21,Male,56.1,1.9,93.7,35.6,4.72,1,0,At Risk
S0862,23,Male,65.8,0.7,73.1,41.8,4.87,1,1,At Risk
S0863,19,Male,69.4,1.5,85.9,46.4,4.66,0,0,Average
S0864,20,Male,70.2,4.2,76.2,77.0,5.89,1,0,Excellent
S0865,18,Female,94.2,6.7,78.7,66.9,6.09,1,1,Excellent
S0866,22,Female,83.4,4.6,85.5,49.8,4.0,0,0,Average
S0867,22,Male,58.3,2.8,80.8,48.1,5.0,0,0,Average
S0868,21,Female,78.7,4.9,92.0,41.7,5.2,0,0,Good
S0869,19,Female,82.5,3.1,77.2,53.3,4.2,1,0,Average
S0870,18,Male,92.1,2.6,52.7,55.6,4.11,1,0,Average
S0871,19,Male,98.7,1.7,71.9,61.1,6.93,1,1,Excellent
S0872,18,Male,59.8,0.5,87.9,47.2,4.34,1,0,At Risk
S0873,21,Male,62.8,3.2,76.9,44.4,5.57,1,1,Average
S0874,21,Female,56.1,4.3,79.9,48.5,4.79,1,1,Average
S0875,22,Male,71.5,3.8,97.4,46.7,4.67,0,0,Average
S0876,19,Female,82.0,3.2,70.7,45.2,5.06,1,0,Average
S0877,23,Female,89.8,2.1,56.1,55.7,4.63,1,0,Average
S0878,22,Male,73.9,5.2,83.0,47.6,4.96,1,0,Good
S0879,19,Female,70.2,1.4,70.5,41.9,4.21,1,1,At Risk
S0880,22,Male,77.3,5.6,71.7,52.0,4.06,0,0,Average
S0881,23,Female,62.5,2.0,76.4,49.1,5.22,1,0,Average
S0882,20,Male,100.0,2.5,87.4,71.9,6.1,0,0,Excellent
S0883,20,Female,50.9,1.1,77.1,28.2,4.0,1,0,At Risk
S0884,20,Female,77.8,3.0,85.6,37.5,4.0,0,0,Average
S0885,20,Male,100.0,6.0,100.0,67.0,7.29,1,0,Excellent
S0886,18,Female,75.1,5.0,79.9,57.7,6.16,0,0,Excellent
S0887,20,Female,72.1,6.0,91.2,61.4,6.46,0,0,Excellent
S0888,23,Female,69.6,5.0,77.4,52.3,4.89,0,0,Good
S0889,21,Female,72.3,1.8,65.9,45.5,4.0,0,1,At Risk
S0890,21,Female,95.6,3.3,72.8,61.5,7.25,0,0,Excellent
S0891,18,Male,41.8,2.4,72.6,48.1,4.84,1,0,At Risk
S0892,20,Male,98.0,6.7,93.8,53.9,4.63,1,0,Excellent
S0893,20,Female,53.6,1.6,100.0,37.9,4.61,0,0,At Risk
S0894,20,Male,71.0,5.8,75.9,60.4,6.56,0,1,Excellent
S0895,22,Female,68.6,5.8,80.4,50.6,5.02,1,0,Good
S0896,19,Female,83.8,7.7,89.5,82.1,7.95,1,0,Excellent
S0897,22,Male,51.0,3.2,87.3,39.8,5.25,1,1,Average
S0898,19,Male,81.9,5.4,89.8,60.4,4.76,1,1,Good
S0899,20,Female,100.0,8.6,100.0,80.2,6.27,0,0,Excellent
S0900,20,Male,54.6,2.8,44.2,40.0,5.17,0,0,At Risk
S0901,22,Female,77.8,0.9,41.0,31.3,4.0,0,1,At Risk
S0902,22,Male,65.1,0.2,68.0,36.7,4.08,1,0,At Risk
S0903,19,Female,81.4,5.4,100.0,68.9,4.99,1,1,Excellent
S0904,21,Male,75.3,0.2,51.9,40.5,4.05,1,1,At Risk
S0905,19,Female,65.4,3.3,40.0,42.7,4.32,0,1,At Risk
S0906,22,Male,82.3,4.9,93.4,66.8,5.72,0,0,Excellent
S0907,23,Female,100.0,4.4,87.5,60.6,5.19,0,1,Excellent
S0908,22,Male,72.1,4.9,68.4,52.2,4.25,1,0,Average
S0909,23,Female,85.8,4.4,69.0,60.1,7.44,0,1,Excellent
S0910,18,Female,55.6,6.6,73.7,62.6,7.25,1,0,Excellent
S0911,22,Male,60.7,2.1,80.9,63.6,4.89,0,0,Average
S0912,18,Male,82.1,2.6,70.8,59.0,6.81,1,0,Excellent
S0913,21,Male,97.3,2.5,87.4,66.0,5.64,1,0,Excellent
S0914,19,Female,80.3,5.7,43.6,57.1,5.53,1,0,Good
S0915,23,Female,70.3,5.8,73.7,50.3,4.97,1,1,Good
S0916,19,Female,75.0,4.9,67.9,57.7,4.93,1,0,Good
S0917,18,Male,56.2,6.4,84.0,56.9,6.2,1,1,Good
S0918,23,Male,84.1,1.6,70.1,41.4,4.58,1,0,Average
S0919,19,Female,88.2,7.3,100.0,67.0,5.64,1,0,Excellent
S0920,22,Male,68.2,7.0,61.1,64.7,4.84,1,0,Good
S0921,20,Other,67.9,5.5,86.7,59.8,4.87,1,0,Good
S0922,18,Male,79.0,7.6,98.6,70.5,4.92,1,1,Excellent
S0923,19,Female,68.4,0.7,100.0,44.9,4.7,1,0,Average
S0924,18,Male,74.0,3.0,73.8,47.1,4.0,0,0,Average
S0925,18,Male,100.0,2.5,84.9,53.4,4.99,0,0,Good
S0926,23,Female,71.3,5.4,58.7,48.0,5.98,1,1,Good
S0927,23,Female,69.6,1.9,42.9,60.9,6.61,1,0,Good
S0928,20,Other,65.3,5.5,98.7,56.2,5.35,1,0,Good
S0929,22,Male,86.2,6.7,88.3,64.2,5.78,1,0,Excellent
S0930,18,Male,72.3,5.4,100.0,50.5,6.53,1,0,Excellent
S0931,19,Female,65.3,4.6,63.6,76.9,7.03,1,0,Excellent
S0932,21,Female,94.8,2.0,86.8,45.9,4.49,0,1,Good
S0933,18,Male,96.3,2.3,100.0,52.4,4.0,1,0,Good
S0934,18,Male,66.0,6.5,94.3,62.6,6.07,1,0,Excellent
S0935,20,Male,47.0,5.6,90.3,55.7,6.01,0,0,Good
S0936,22,Female,90.1,3.9,82.9,66.4,5.48,1,0,Excellent
S0937,21,Male,64.7,3.2,57.8,63.5,6.04,1,0,Good
S0938,23,Male,86.9,0.0,95.3,50.1,4.72,0,1,Average
S0939,23,Male,45.4,1.9,69.6,30.9,4.0,0,1,At Risk
S0940,19,Male,88.4,7.8,98.2,67.9,4.08,1,1,Excellent
S0941,21,Male,56.8,1.4,54.4,43.7,4.44,0,1,At Risk
S0942,23,Male,86.0,4.4,66.1,75.5,7.31,0,0,Excellent
S0943,19,Male,75.2,6.0,100.0,49.4,4.46,0,0,Good
S0944,22,Female,60.7,1.5,72.8,52.3,5.18,1,0,Average
S0945,19,Male,68.9,4.4,100.0,55.3,4.71,1,0,Good
S0946,23,Female,85.3,5.9,85.6,70.0,6.49,1,0,Excellent
S0947,20,Female,76.6,4.0,55.4,54.2,5.08,0,0,Average
S0948,20,Female,83.8,9.7,100.0,67.5,5.3,1,0,Excellent
S0949,20,Female,100.0,0.7,67.6,58.1,6.55,0,1,Excellent
S0950,23,Male,51.5,6.1,97.7,59.0,6.28,0,1,Good
S0951,20,Male,99.3,3.7,82.8,68.7,5.64,1,1,Excellent
S0952,21,Female,76.6,5.5,62.9,59.4,5.96,0,0,Good
S0953,22,Other,61.5,4.9,87.3,48.4,5.33,1,0,Average
S0954,19,Female,55.0,2.5,100.0,31.5,4.4,1,0,At Risk
S0955,19,Female,72.2,4.5,91.4,61.7,4.35,0,0,Good
S0956,23,Female,88.8,0.3,74.7,50.9,5.86,1,0,Good
S0957,20,Male,73.1,5.2,100.0,49.8,4.53,1,0,Good
S0958,20,Male,97.7,4.6,87.4,58.8,5.24,1,0,Excellent
S0959,18,Female,53.2,5.3,88.7,48.1,7.0,0,0,Good
S0960,22,Female,74.8,6.1,70.8,48.9,5.18,1,0,Good
S0961,21,Male,56.2,4.7,87.9,44.4,4.35,0,0,Average
S0962,19,Female,80.5,4.3,99.1,48.0,4.0,1,0,Average
S0963,18,Male,88.3,2.2,66.9,49.8,6.1,0,0,Good
S0964,18,Female,68.7,2.6,100.0,42.5,4.0,1,0,Average
S0965,23,Male,35.9,6.4,86.4,37.0,4.0,0,0,At Risk
S0966,19,Male,78.0,6.9,75.5,80.3,6.55,0,0,Excellent
S0967,23,Female,81.6,3.5,97.0,65.0,7.03,1,1,Excellent
S0968,21,Male,81.1,4.1,78.9,50.4,5.64,1,1,Good
S0969,18,Female,93.5,2.2,90.8,56.8,5.28,1,0,Good
S0970,18,Female,58.9,6.3,83.2,59.9,5.84,1,0,Good
S0971,22,Female,85.2,5.3,84.7,71.0,5.78,0,0,Excellent
S0972,21,Male,92.9,7.9,98.2,65.0,6.01,1,0,Excellent
S0973,18,Male,48.3,2.2,83.8,49.8,5.05,1,0,Average
S0974,21,Male,79.8,3.2,51.5,49.2,5.73,0,0,Good
S0975,19,Other,67.4,4.5,67.2,43.0,5.35,1,0,Average
S0976,20,Female,73.8,5.3,99.5,63.8,6.22,1,0,Excellent
S0977,18,Female,80.2,3.6,80.2,65.2,5.62,1,1,Excellent
S0978,22,Female,67.7,2.3,71.7,67.9,6.67,1,0,Good
S0979,19,Female,64.9,5.8,66.2,47.3,4.76,1,1,Average
S0980,21,Female,75.5,5.4,69.6,64.4,5.0,0,0,Good
S0981,23,Male,58.7,2.2,49.1,40.9,4.13,0,0,At Risk
S0982,19,Female,58.7,6.7,86.9,64.0,5.91,1,1,Good
S0983,18,Male,85.2,6.3,78.6,52.7,5.89,0,1,Excellent
S0984,21,Female,57.8,4.3,69.1,40.1,4.26,0,0,At Risk
S0985,20,Female,85.0,4.2,82.4,51.9,4.15,1,0,Good
S0986,19,Female,81.9,5.1,90.7,60.5,5.68,1,0,Excellent
S0987,18,Male,49.1,2.3,100.0,36.5,4.28,0,0,At Risk
S0988,22,Male,64.8,4.1,60.5,57.0,5.57,1,1,Good
S0989,23,Male,92.9,0.0,92.4,56.1,6.1,1,1,Excellent
S0990,21,Male,60.3,5.8,100.0,60.3,6.43,0,0,Excellent
S0991,19,Male,68.0,0.9,65.1,56.1,4.89,1,0,Average
S0992,19,Female,81.9,7.0,92.0,68.9,5.64,1,0,Excellent
S0993,20,Female,86.8,3.3,74.7,46.2,4.0,1,0,Average
S0994,20,Male,71.2,3.6,85.0,63.1,6.35,1,1,Excellent
S0995,22,Male,66.0,2.7,100.0,43.1,5.75,0,1,Good
S0996,23,Male,96.3,3.4,90.9,66.4,5.73,1,0,Excellent
S0997,22,Female,100.0,6.8,96.2,83.0,6.79,0,0,Excellent
S0998,18,Male,89.7,0.0,68.5,50.6,6.21,1,0,Good
S0999,18,Female,76.3,6.6,65.9,50.7,5.45,1,0,Good
S1000,22,Male,62.9,4.7,81.3,45.6,5.08,1,1,Average
